codigo_area;nome_area;codigo_ocde;nome_grau;grau_academico;observacao
1;Educação;0111C012;Ciência da educação - Bacharelado;Bacharelado;
1;Educação;0111C014;Ciência da educação - Sequencial;Sequencial;
1;Educação;0111P013;Processos escolares - Tecnológico;Tecnológico;
1;Educação;0111P022;Psicopedagogia - Bacharelado;Bacharelado;
1;Educação;0111P024;Psicopedagogia - Sequencial;Sequencial;
1;Educação;0112E011;Educação infantil formação de professor - Licenciatura;Licenciatura;
1;Educação;0113E011;Educação do campo formação de professor - Licenciatura;Licenciatura;
1;Educação;0113E021;Educação especial formação de professor - Licenciatura;Licenciatura;
1;Educação;0113E031;Educação indígena formação de professor - Licenciatura;Licenciatura;
1;Educação;0113F011;Formação pedagógica de professor para a educação básica - Licenciatura;Licenciatura;
1;Educação;0113F014;Formação pedagógica de professor para a educação básica - Sequencial;Sequencial;
1;Educação;0113P011;Pedagogia - Licenciatura;Licenciatura;
1;Educação;0113P012;Pedagogia - Bacharelado;Bacharelado;
1;Educação;0113P014;Pedagogia - Sequencial;Sequencial;
1;Educação;0114A011;Artes formação de professor - Licenciatura;Licenciatura;
1;Educação;0114A014;Artes formação de professor - Sequencial;Sequencial;
1;Educação;0114A021;Artes visuais formação de professor - Licenciatura;Licenciatura;
1;Educação;0114B011;Biologia formação de professor - Licenciatura;Licenciatura;
1;Educação;0114C011;Ciências agrárias formação de professor - Licenciatura;Licenciatura;
1;Educação;0114C021;Ciências naturais formação de professor - Licenciatura;Licenciatura;
1;Educação;0114C031;Ciências sociais formação de professor - Licenciatura;Licenciatura;
1;Educação;0114C041;Cinema e audiovisual formação de professor - Licenciatura;Licenciatura;
1;Educação;0114C051;Computação formação de professor - Licenciatura;Licenciatura;
1;Educação;0114D011;Dança formação de professor - Licenciatura;Licenciatura;
1;Educação;0114E011;Economia doméstica formação de professor - Licenciatura;Licenciatura;
1;Educação;0114E021;Educação do campo em áreas de conhecimento da educação básica formação de professor - Licenciatura;Licenciatura;
1;Educação;0114E031;Educação física formação de professor - Licenciatura;Licenciatura;
1;Educação;0114E041;Educação indígena em áreas de conhecimento da educação básica formação de professor - Licenciatura;Licenciatura;
1;Educação;0114E051;Enfermagem formação de professor - Licenciatura;Licenciatura;
1;Educação;0114E061;Ensino profissionalizante em área específica formação de professor - Licenciatura;Licenciatura;
1;Educação;0114E071;Ensino religioso formação de professor - Licenciatura;Licenciatura;
1;Educação;0114E081;Estatística formação de professor - Licenciatura;Licenciatura;
1;Educação;0114F011;Filosofia formação de professor - Licenciatura;Licenciatura;
1;Educação;0114F021;Física formação de professor - Licenciatura;Licenciatura;
1;Educação;0114G011;Geografia formação de professor - Licenciatura;Licenciatura;
1;Educação;0114H011;História formação de professor - Licenciatura;Licenciatura;
1;Educação;0114M011;Matemática formação de professor - Licenciatura;Licenciatura;
1;Educação;0114M021;Música formação de professor - Licenciatura;Licenciatura;
1;Educação;0114P011;Psicologia formação de professor - Licenciatura;Licenciatura;
1;Educação;0114Q011;Química formação de professor - Licenciatura;Licenciatura;
1;Educação;0114T011;Teatro formação de professor - Licenciatura;Licenciatura;
1;Educação;0115L011;Letras alemão formação de professor - Licenciatura;Licenciatura;
1;Educação;0115L021;Letras espanhol formação de professor - Licenciatura;Licenciatura;
1;Educação;0115L031;Letras francês formação de professor - Licenciatura;Licenciatura;
1;Educação;0115L041;Letras inglês formação de professor - Licenciatura;Licenciatura;
1;Educação;0115L051;Letras italiano formação de professor  - Licenciatura;Licenciatura;
1;Educação;0115L061;Letras japonês formação de professor  - Licenciatura;Licenciatura;
1;Educação;0115L071;Letras língua brasileira de sinais formação de professor - Licenciatura;Licenciatura;
1;Educação;0115L081;Letras línguas estrangeiras clássicas formação de professor - Licenciatura;Licenciatura;
1;Educação;0115L091;Letras linguística formação de professor  - Licenciatura;Licenciatura;
1;Educação;0115L101;Letras outras línguas estrangeiras modernas formação de professor  - Licenciatura;Licenciatura;
1;Educação;0115L111;Letras português alemão formação de professor - Licenciatura;Licenciatura;
1;Educação;0115L121;Letras português espanhol formação de professor - Licenciatura;Licenciatura;
1;Educação;0115L131;Letras português formação de professor - Licenciatura;Licenciatura;
1;Educação;0115L141;Letras português francês formação de professor - Licenciatura;Licenciatura;
1;Educação;0115L151;Letras português inglês formação de professor - Licenciatura;Licenciatura;
1;Educação;0115L161;Letras português italiano formação de professor - Licenciatura;Licenciatura;
1;Educação;0115L171;Letras português japonês formação de professor - Licenciatura;Licenciatura;
1;Educação;0115L181;Letras português língua brasileira de sinais formação de professor - Licenciatura;Licenciatura;
1;Educação;0115L191;Letras português línguas estrangeiras clássicas formação de professor - Licenciatura;Licenciatura;
1;Educação;0115L201;Letras português outras línguas estrangeiras modernas formação de professor - Licenciatura;Licenciatura;
1;Educação;0115L211;Letras tradutor e intérprete formação de professor - Licenciatura;Licenciatura;
1;Educação;0188P011;Programas interdisciplinares abrangendo educação - Licenciatura;Licenciatura;
1;Educação;0188P012;Programas interdisciplinares abrangendo educação - Bacharelado;Bacharelado;
1;Educação;0188P013;Programas interdisciplinares abrangendo educação - Tecnológico;Tecnológico;
2;Artes e Humanidades ;0211A012;Animação - Bacharelado;Bacharelado;
2;Artes e Humanidades ;0211A013;Animação - Tecnológico;Tecnológico;
2;Artes e Humanidades ;0211A014;Animação - Sequencial;Sequencial;
2;Artes e Humanidades ;0211C012;Cinema e audiovisual - Bacharelado;Bacharelado;
2;Artes e Humanidades ;0211C013;Cinema e audiovisual - Tecnológico;Tecnológico;
2;Artes e Humanidades ;0211C014;Cinema e audiovisual - Sequencial;Sequencial;
2;Artes e Humanidades ;0211C023;Comunicação assistiva - Tecnológico;Tecnológico;
2;Artes e Humanidades ;0211D012;Design gráfico - Bacharelado;Bacharelado;
2;Artes e Humanidades ;0211D013;Design gráfico - Tecnológico;Tecnológico;
2;Artes e Humanidades ;0211D014;Design gráfico - Sequencial;Sequencial;
2;Artes e Humanidades ;0211F012;Fotografia - Bacharelado;Bacharelado;
2;Artes e Humanidades ;0211F013;Fotografia - Tecnológico;Tecnológico;
2;Artes e Humanidades ;0211F014;Fotografia - Sequencial;Sequencial;
2;Artes e Humanidades ;0211P012;Produção audiovisual - Bacharelado;Bacharelado;
2;Artes e Humanidades ;0211P013;Produção audiovisual - Tecnológico;Tecnológico;
2;Artes e Humanidades ;0211P014;Produção audiovisual - Sequencial;Sequencial;
2;Artes e Humanidades ;0211P023;Produção cênica - Tecnológico;Tecnológico;
2;Artes e Humanidades ;0211P032;Produção cultural - Bacharelado;Bacharelado;
2;Artes e Humanidades ;0211P033;Produção cultural - Tecnológico;Tecnológico;
2;Artes e Humanidades ;0211P034;Produção cultural - Sequencial;Sequencial;
2;Artes e Humanidades ;0211P043;Produção fonográfica - Tecnológico;Tecnológico;
2;Artes e Humanidades ;0211P052;Produção multimídia - Bacharelado;Bacharelado;
2;Artes e Humanidades ;0211P053;Produção multimídia - Tecnológico;Tecnológico;
2;Artes e Humanidades ;0211P054;Produção multimídia - Sequencial;Sequencial;
2;Artes e Humanidades ;0212D012;Desenho industrial - Bacharelado;Bacharelado;
2;Artes e Humanidades ;0212D022;Design - Bacharelado;Bacharelado;
2;Artes e Humanidades ;0212D023;Design - Tecnológico;Tecnológico;
2;Artes e Humanidades ;0212D032;Design de interiores - Bacharelado;Bacharelado;
2;Artes e Humanidades ;0212D033;Design de interiores - Tecnológico;Tecnológico;
2;Artes e Humanidades ;0212D034;Design de interiores - Sequencial;Sequencial;
2;Artes e Humanidades ;0212D042;Design de produto - Bacharelado;Bacharelado;
2;Artes e Humanidades ;0212D043;Design de produto - Tecnológico;Tecnológico;
2;Artes e Humanidades ;0212D044;Design de produto - Sequencial;Sequencial;
2;Artes e Humanidades ;0212M012;Moda - Bacharelado;Bacharelado;
2;Artes e Humanidades ;0212M013;Moda - Tecnológico;Tecnológico;
2;Artes e Humanidades ;0212M014;Moda - Sequencial;Sequencial;
2;Artes e Humanidades ;0213A012;Artes - Bacharelado;Bacharelado;
2;Artes e Humanidades ;0213A013;Artes - Tecnológico;Tecnológico;
2;Artes e Humanidades ;0213A014;Artes - Sequencial;Sequencial;
2;Artes e Humanidades ;0213A022;Artes plásticas - Bacharelado;Bacharelado;
2;Artes e Humanidades ;0213A023;Artes plásticas - Tecnológico;Tecnológico;
2;Artes e Humanidades ;0213A024;Artes plásticas - Sequencial;Sequencial;
2;Artes e Humanidades ;0213A032;Artes visuais - Bacharelado;Bacharelado;
2;Artes e Humanidades ;0213A033;Artes visuais - Tecnológico;Tecnológico;
2;Artes e Humanidades ;0213H012;História da arte - Bacharelado;Bacharelado;
2;Artes e Humanidades ;0214F013;Fabricação de instrumentos musicais não industrial - Tecnológico;Tecnológico;
2;Artes e Humanidades ;0215A012;Artes cênicas - Bacharelado;Bacharelado;
2;Artes e Humanidades ;0215A013;Artes cênicas - Tecnológico;Tecnológico;
2;Artes e Humanidades ;0215D012;Dança - Bacharelado;Bacharelado;
2;Artes e Humanidades ;0215D013;Dança - Tecnológico;Tecnológico;
2;Artes e Humanidades ;0215M012;Música - Bacharelado;Bacharelado;
2;Artes e Humanidades ;0215M013;Música  - Tecnológico;Tecnológico;
2;Artes e Humanidades ;0215M014;Música - Sequencial;Sequencial;
2;Artes e Humanidades ;0215T012;Teatro - Bacharelado;Bacharelado;
2;Artes e Humanidades ;0215T013;Teatro - Tecnológico;Tecnológico;
2;Artes e Humanidades ;0221C012;Ciências da religião - Bacharelado;Bacharelado;
2;Artes e Humanidades ;0221T012;Teologia - Bacharelado;Bacharelado;
2;Artes e Humanidades ;0221T014;Teologia - Sequencial;Sequencial;
2;Artes e Humanidades ;0222A012;Arqueologia - Bacharelado;Bacharelado;
2;Artes e Humanidades ;0222A013;Arqueologia - Tecnológico;Tecnológico;
2;Artes e Humanidades ;0222C012;Conservação e restauro - Bacharelado;Bacharelado;
2;Artes e Humanidades ;0222C013;Conservação e restauro - Tecnológico;Tecnológico;
2;Artes e Humanidades ;0222H012;História - Bacharelado;Bacharelado;
2;Artes e Humanidades ;0222H014;História - Sequencial;Sequencial;
2;Artes e Humanidades ;0223F012;Filosofia - Bacharelado;Bacharelado;
2;Artes e Humanidades ;0223F014;Filosofia - Sequencial;Sequencial;
2;Artes e Humanidades ;0231L012;Letras alemão - Bacharelado;Bacharelado;
2;Artes e Humanidades ;0231L023;Letras escrita criativa - Tecnológico;Tecnológico;
2;Artes e Humanidades ;0231L024;Letras escrita criativa - Sequencial;Sequencial;
2;Artes e Humanidades ;0231L032;Letras espanhol - Bacharelado;Bacharelado;
2;Artes e Humanidades ;0231L034;Letras espanhol - Sequencial;Sequencial;
2;Artes e Humanidades ;0231L042;Letras francês - Bacharelado;Bacharelado;
2;Artes e Humanidades ;0231L052;Letras inglês - Bacharelado;Bacharelado;
2;Artes e Humanidades ;0231L054;Letras inglês - Sequencial;Sequencial;
2;Artes e Humanidades ;0231L062;Letras italiano - Bacharelado;Bacharelado;
2;Artes e Humanidades ;0231L072;Letras japonês - Bacharelado;Bacharelado;
2;Artes e Humanidades ;0231L082;Letras língua brasileira de sinais - Bacharelado;Bacharelado;
2;Artes e Humanidades ;0231L083;Letras língua brasileira de sinais - Tecnológico;Tecnológico;
2;Artes e Humanidades ;0231L084;Letras língua brasileira de sinais - Sequencial;Sequencial;
2;Artes e Humanidades ;0231L092;Letras línguas estrangeiras clássicas  - Bacharelado;Bacharelado;
2;Artes e Humanidades ;0231L094;Letras línguas estrangeiras clássicas - Sequencial;Sequencial;
2;Artes e Humanidades ;0231L102;Letras linguística - Bacharelado;Bacharelado;
2;Artes e Humanidades ;0231L112;Letras outras línguas estrangeiras modernas  - Bacharelado;Bacharelado;
2;Artes e Humanidades ;0231L122;Letras português - Bacharelado;Bacharelado;
2;Artes e Humanidades ;0231L124;Letras português - Sequencial;Sequencial;
2;Artes e Humanidades ;0231L132;Letras português alemão  - Bacharelado;Bacharelado;
2;Artes e Humanidades ;0231L142;Letras português espanhol - Bacharelado;Bacharelado;
2;Artes e Humanidades ;0231L152;Letras português francês - Bacharelado;Bacharelado;
2;Artes e Humanidades ;0231L162;Letras português inglês - Bacharelado;Bacharelado;
2;Artes e Humanidades ;0231L172;Letras português italiano - Bacharelado;Bacharelado;
2;Artes e Humanidades ;0231L182;Letras português japonês  - Bacharelado;Bacharelado;
2;Artes e Humanidades ;0231L192;Letras português língua brasileira de sinais - Bacharelado;Bacharelado;
2;Artes e Humanidades ;0231L202;Letras português línguas estrangeiras clássicas  - Bacharelado;Bacharelado;
2;Artes e Humanidades ;0231L212;Letras português outras línguas estrangeiras modernas - Bacharelado;Bacharelado;
2;Artes e Humanidades ;0231L222;Letras tradutor e intérprete - Bacharelado;Bacharelado;
2;Artes e Humanidades ;0231L223;Letras tradutor e intérprete - Tecnológico;Tecnológico;
2;Artes e Humanidades ;0231L224;Letras tradutor e intérprete - Sequencial;Sequencial;
2;Artes e Humanidades ;0288P012;Programas interdisciplinares abrangendo artes e humanidades - Bacharelado;Bacharelado;
2;Artes e Humanidades ;0288P014;Programas interdisciplinares abrangendo artes e humanidades - Sequencial;Sequencial;
3;Ciências sociais, jornalismo e informação;0311E012;Economia - Bacharelado;Bacharelado;
3;Ciências sociais, jornalismo e informação;0311E014;Economia - Sequencial;Sequencial;
3;Ciências sociais, jornalismo e informação;0312A012;Antropologia - Bacharelado;Bacharelado;
3;Ciências sociais, jornalismo e informação;0312A014;Antropologia - Sequencial;Sequencial;
3;Ciências sociais, jornalismo e informação;0312C012;Ciência política - Bacharelado;Bacharelado;
3;Ciências sociais, jornalismo e informação;0312C014;Ciência política  - Sequencial;Sequencial;
3;Ciências sociais, jornalismo e informação;0312C022;Ciências sociais - Bacharelado;Bacharelado;
3;Ciências sociais, jornalismo e informação;0312C024;Ciências sociais - Sequencial;Sequencial;
3;Ciências sociais, jornalismo e informação;0312G012;Geografia - Bacharelado;Bacharelado;
3;Ciências sociais, jornalismo e informação;0312R012;Relações internacionais - Bacharelado;Bacharelado;
3;Ciências sociais, jornalismo e informação;0312R014;Relações internacionais - Sequencial;Sequencial;
3;Ciências sociais, jornalismo e informação;0312S012;Sociologia - Bacharelado;Bacharelado;
3;Ciências sociais, jornalismo e informação;0312S014;Sociologia - Sequencial;Sequencial;
3;Ciências sociais, jornalismo e informação;0313P012;Psicologia - Bacharelado;Bacharelado;
3;Ciências sociais, jornalismo e informação;0313P014;Psicologia - Sequencial;Sequencial;
3;Ciências sociais, jornalismo e informação;0321C012;Comunicação social - Bacharelado;Bacharelado;
3;Ciências sociais, jornalismo e informação;0321J012;Jornalismo - Bacharelado;Bacharelado;
3;Ciências sociais, jornalismo e informação;0321J014;Jornalismo - Sequencial;Sequencial;
3;Ciências sociais, jornalismo e informação;0321P012;Produção editorial - Bacharelado;Bacharelado;
3;Ciências sociais, jornalismo e informação;0321P013;Produção editorial - Tecnológico;Tecnológico;
3;Ciências sociais, jornalismo e informação;0321P014;Produção editorial - Sequencial;Sequencial;
3;Ciências sociais, jornalismo e informação;0321R012;Rádio, TV e internet - Bacharelado;Bacharelado;
3;Ciências sociais, jornalismo e informação;0321R013;Rádio, TV e internet - Tecnológico;Tecnológico;
3;Ciências sociais, jornalismo e informação;0321R014;Rádio, TV e internet - Sequencial;Sequencial;
3;Ciências sociais, jornalismo e informação;0322A012;Arquivologia - Bacharelado;Bacharelado;
3;Ciências sociais, jornalismo e informação;0322B012;Biblioteconomia - Bacharelado;Bacharelado;
3;Ciências sociais, jornalismo e informação;0322G012;Gestão da informação - Bacharelado;Bacharelado;
3;Ciências sociais, jornalismo e informação;0322G014;Gestão da informação - Sequencial;Sequencial;
3;Ciências sociais, jornalismo e informação;0322M012;Museologia - Bacharelado;Bacharelado;
3;Ciências sociais, jornalismo e informação;0322M013;Museologia - Tecnológico;Tecnológico;
3;Ciências sociais, jornalismo e informação;0322M014;Museologia - Sequencial;Sequencial;
3;Ciências sociais, jornalismo e informação;0388P012;Programas interdisciplinares abrangendo ciências sociais, jornalismo e informação - Bacharelado;Bacharelado;
3;Ciências sociais, jornalismo e informação;0388P014;Programas interdisciplinares abrangendo ciências sociais, jornalismo e informação - Sequencial;Sequencial;
4;Negócios, administração e direito;0411C012;Contabilidade - Bacharelado;Bacharelado;
4;Negócios, administração e direito;0411C013;Contabilidade  - Tecnológico;Tecnológico;
4;Negócios, administração e direito;0411C014;Contabilidade - Sequencial;Sequencial;
4;Negócios, administração e direito;0412G012;Gestão financeira - Bacharelado;Bacharelado;
4;Negócios, administração e direito;0412G013;Gestão financeira  - Tecnológico;Tecnológico;
4;Negócios, administração e direito;0412G014;Gestão financeira - Sequencial;Sequencial;
4;Negócios, administração e direito;0412S013;Seguros - Tecnológico;Tecnológico;
4;Negócios, administração e direito;0412S014;Seguros - Sequencial;Sequencial;
4;Negócios, administração e direito;0413A012;Administração  - Bacharelado;Bacharelado;
4;Negócios, administração e direito;0413A014;Administração - Sequencial;Sequencial;
4;Negócios, administração e direito;0413A022;Administração pública - Bacharelado;Bacharelado;
4;Negócios, administração e direito;0413A023;Administração pública - Tecnológico;Tecnológico;
4;Negócios, administração e direito;0413A024;Administração pública - Sequencial;Sequencial;
4;Negócios, administração e direito;0413C012;Comércio exterior - Bacharelado;Bacharelado;
4;Negócios, administração e direito;0413C013;Comércio exterior - Tecnológico;Tecnológico;
4;Negócios, administração e direito;0413C014;Comércio exterior - Sequencial;Sequencial;
4;Negócios, administração e direito;0413E012;Empreendedorismo - Bacharelado;Bacharelado;
4;Negócios, administração e direito;0413E013;Empreendedorismo - Tecnológico;Tecnológico;
4;Negócios, administração e direito;0413E014;Empreendedorismo - Sequencial;Sequencial;
4;Negócios, administração e direito;0413G013;Gestão da produção - Tecnológico;Tecnológico;
4;Negócios, administração e direito;0413G014;Gestão da produção - Sequencial;Sequencial;
4;Negócios, administração e direito;0413G023;Gestão da qualidade - Tecnológico;Tecnológico;
4;Negócios, administração e direito;0413G024;Gestão da qualidade - Sequencial;Sequencial;
4;Negócios, administração e direito;0413G032;Gestão da saúde - Bacharelado;Bacharelado;
4;Negócios, administração e direito;0413G033;Gestão da saúde - Tecnológico;Tecnológico;
4;Negócios, administração e direito;0413G034;Gestão da saúde - Sequencial;Sequencial;
4;Negócios, administração e direito;0413G042;Gestão de cooperativas - Bacharelado;Bacharelado;
4;Negócios, administração e direito;0413G043;Gestão de cooperativas - Tecnológico;Tecnológico;
4;Negócios, administração e direito;0413G044;Gestão de cooperativas - Sequencial;Sequencial;
4;Negócios, administração e direito;0413G052;Gestão de negócios - Bacharelado;Bacharelado;
4;Negócios, administração e direito;0413G053;Gestão de negócios - Tecnológico;Tecnológico;
4;Negócios, administração e direito;0413G054;Gestão de negócios - Sequencial;Sequencial;
4;Negócios, administração e direito;0413G062;Gestão de negócios internacionais - Bacharelado;Bacharelado;
4;Negócios, administração e direito;0413G064;Gestão de negócios internacionais - Sequencial;Sequencial;
4;Negócios, administração e direito;0413G073;Gestão de pessoas - Tecnológico;Tecnológico;
4;Negócios, administração e direito;0413G074;Gestão de pessoas - Sequencial;Sequencial;
4;Negócios, administração e direito;0413G083;Gestão de serviços - Tecnológico;Tecnológico;
4;Negócios, administração e direito;0413G084;Gestão de serviços - Sequencial;Sequencial;
4;Negócios, administração e direito;0413G092;Gestão do agronegócio - Bacharelado;Bacharelado;
4;Negócios, administração e direito;0413G093;Gestão do agronegócio - Tecnológico;Tecnológico;
4;Negócios, administração e direito;0413G094;Gestão do agronegócio - Sequencial;Sequencial;
4;Negócios, administração e direito;0413G103;Gestão estratégica - Tecnológico;Tecnológico;
4;Negócios, administração e direito;0413G104;Gestão estratégica - Sequencial;Sequencial;
4;Negócios, administração e direito;0413G113;Gestão hospitalar - Tecnológico;Tecnológico;
4;Negócios, administração e direito;0413G114;Gestão hospitalar - Sequencial;Sequencial;
4;Negócios, administração e direito;0413G122;Gestão pública - Bacharelado;Bacharelado;
4;Negócios, administração e direito;0413G123;Gestão pública - Tecnológico;Tecnológico;
4;Negócios, administração e direito;0413G124;Gestão pública - Sequencial;Sequencial;
4;Negócios, administração e direito;0413L012;Logística - Bacharelado;Bacharelado;
4;Negócios, administração e direito;0413L013;Logística - Tecnológico;Tecnológico;
4;Negócios, administração e direito;0413L014;Logística - Sequencial;Sequencial;
4;Negócios, administração e direito;0414M012;Marketing - Bacharelado;Bacharelado;
4;Negócios, administração e direito;0414M013;Marketing - Tecnológico;Tecnológico;
4;Negócios, administração e direito;0414M014;Marketing - Sequencial;Sequencial;
4;Negócios, administração e direito;0414P012;Publicidade e propaganda - Bacharelado;Bacharelado;
4;Negócios, administração e direito;0414P013;Publicidade e propaganda - Tecnológico;Tecnológico;
4;Negócios, administração e direito;0414P014;Publicidade e propaganda - Sequencial;Sequencial;
4;Negócios, administração e direito;0414R012;Relações públicas - Bacharelado;Bacharelado;
4;Negócios, administração e direito;0414R013;Relações públicas - Tecnológico;Tecnológico;
4;Negócios, administração e direito;0414R014;Relações públicas - Sequencial;Sequencial;
4;Negócios, administração e direito;0415S012;Secretariado - Bacharelado;Bacharelado;
4;Negócios, administração e direito;0415S013;Secretariado - Tecnológico;Tecnológico;
4;Negócios, administração e direito;0415S014;Secretariado - Sequencial;Sequencial;
4;Negócios, administração e direito;0416G013;Gestão comercial - Tecnológico;Tecnológico;
4;Negócios, administração e direito;0416G014;Gestão comercial - Sequencial;Sequencial;
4;Negócios, administração e direito;0416N012;Negócios imobiliários - Bacharelado;Bacharelado;
4;Negócios, administração e direito;0416N013;Negócios imobiliários - Tecnológico;Tecnológico;
4;Negócios, administração e direito;0416N014;Negócios imobiliários - Sequencial;Sequencial;
4;Negócios, administração e direito;0421D012;Direito - Bacharelado;Bacharelado;
4;Negócios, administração e direito;0421D013;Direito - Tecnológico;Tecnológico;
4;Negócios, administração e direito;0421D014;Direito - Sequencial;Sequencial;
4;Negócios, administração e direito;0488P012;Programas interdisciplinares abrangendo negócios, administração e direito - Bacharelado;Bacharelado;
4;Negócios, administração e direito;0488P013;Programas interdisciplinares abrangendo negócios, administração e direito - Tecnológico;Tecnológico;
5;Ciências naturais, matemática e estatística;0511B012;Biologia - Bacharelado;Bacharelado;
5;Ciências naturais, matemática e estatística;0511B014;Biologia - Sequencial;Sequencial;
5;Ciências naturais, matemática e estatística;0512B012;Bioquímica - Bacharelado;Bacharelado;
5;Ciências naturais, matemática e estatística;0512B022;Biotecnologia - Bacharelado;Bacharelado;
5;Ciências naturais, matemática e estatística;0512B023;Biotecnologia - Tecnológico;Tecnológico;
5;Ciências naturais, matemática e estatística;0512B024;Biotecnologia - Sequencial;Sequencial;
5;Ciências naturais, matemática e estatística;0512T013;Toxicologia - Tecnológico;Tecnológico;
5;Ciências naturais, matemática e estatística;0521C012;Ciências ambientais - Bacharelado;Bacharelado;
5;Ciências naturais, matemática e estatística;0521C014;Ciências ambientais - Sequencial;Sequencial;
5;Ciências naturais, matemática e estatística;0521E012;Ecologia - Bacharelado;Bacharelado;
5;Ciências naturais, matemática e estatística;0531Q012;Química - Bacharelado;Bacharelado;
5;Ciências naturais, matemática e estatística;0531Q013;Química - Tecnológico;Tecnológico;
5;Ciências naturais, matemática e estatística;0531Q022;Química industrial e tecnológica - Bacharelado;Bacharelado;
5;Ciências naturais, matemática e estatística;0531Q023;Química industrial e tecnológica - Tecnológico;Tecnológico;
5;Ciências naturais, matemática e estatística;0531Q024;Química industrial e tecnológica - Sequencial;Sequencial;
5;Ciências naturais, matemática e estatística;0532G012;Geofísica - Bacharelado;Bacharelado;
5;Ciências naturais, matemática e estatística;0532G022;Geologia - Bacharelado;Bacharelado;
5;Ciências naturais, matemática e estatística;0532G033;Geoprocessamento - Tecnológico;Tecnológico;
5;Ciências naturais, matemática e estatística;0532M012;Meteorologia - Bacharelado;Bacharelado;
5;Ciências naturais, matemática e estatística;0532O012;Oceanografia - Bacharelado;Bacharelado;
5;Ciências naturais, matemática e estatística;0533A012;Astronomia - Bacharelado;Bacharelado;
5;Ciências naturais, matemática e estatística;0533F012;Física - Bacharelado;Bacharelado;
5;Ciências naturais, matemática e estatística;0533F022;Física aplicada - Bacharelado;Bacharelado;
5;Ciências naturais, matemática e estatística;0533F024;Física aplicada - Sequencial;Sequencial;
5;Ciências naturais, matemática e estatística;0533F032;Física médica - Bacharelado;Bacharelado;
5;Ciências naturais, matemática e estatística;0541M012;Matemática - Bacharelado;Bacharelado;
5;Ciências naturais, matemática e estatística;0541M014;Matemática - Sequencial;Sequencial;
5;Ciências naturais, matemática e estatística;0541M022;Matemática aplicada e computacional - Bacharelado;Bacharelado;
5;Ciências naturais, matemática e estatística;0542C012;Ciências atuariais - Bacharelado;Bacharelado;
5;Ciências naturais, matemática e estatística;0542E012;Estatística - Bacharelado;Bacharelado;
5;Ciências naturais, matemática e estatística;0542E014;Estatística - Sequencial;Sequencial;
5;Ciências naturais, matemática e estatística;0588P012;Programas interdisciplinares abrangendo ciências naturais, matemática e estatística - Bacharelado;Bacharelado;
5;Ciências naturais, matemática e estatística;0588P013;Programas interdisciplinares abrangendo ciências naturais, matemática e estatística  - Tecnológico;Tecnológico;
5;Ciências naturais, matemática e estatística;0588P014;Programas interdisciplinares abrangendo ciências naturais, matemática e estatística  - Sequencial;Sequencial;
6;Computação e Tecnologias da Informação e Comunicação (TIC);0612B013;Banco de dados - Tecnológico;Tecnológico;
6;Computação e Tecnologias da Informação e Comunicação (TIC);0612B014;Banco de dados - Sequencial;Sequencial;
6;Computação e Tecnologias da Informação e Comunicação (TIC);0612D013;Defesa cibernética - Tecnológico;Tecnológico;
6;Computação e Tecnologias da Informação e Comunicação (TIC);0612G013;Gestão da tecnologia da informação - Tecnológico;Tecnológico;
6;Computação e Tecnologias da Informação e Comunicação (TIC);0612G014;Gestão da tecnologia da informação  - Sequencial;Sequencial;
6;Computação e Tecnologias da Informação e Comunicação (TIC);0612R012;Redes de computadores - Bacharelado;Bacharelado;
6;Computação e Tecnologias da Informação e Comunicação (TIC);0612R013;Redes de computadores - Tecnológico;Tecnológico;
6;Computação e Tecnologias da Informação e Comunicação (TIC);0612R014;Redes de computadores - Sequencial;Sequencial;
6;Computação e Tecnologias da Informação e Comunicação (TIC);0613E012;Engenharia de software - Bacharelado;Bacharelado;
6;Computação e Tecnologias da Informação e Comunicação (TIC);0613E013;Engenharia de software - Tecnológico;Tecnológico;
6;Computação e Tecnologias da Informação e Comunicação (TIC);0613E014;Engenharia de software - Sequencial;Sequencial;
6;Computação e Tecnologias da Informação e Comunicação (TIC);0613J012;Jogos digitais - Bacharelado;Bacharelado;
6;Computação e Tecnologias da Informação e Comunicação (TIC);0613J013;Jogos digitais - Tecnológico;Tecnológico;
6;Computação e Tecnologias da Informação e Comunicação (TIC);0613J014;Jogos digitais - Sequencial;Sequencial;
6;Computação e Tecnologias da Informação e Comunicação (TIC);0614C012;Ciência da computação - Bacharelado;Bacharelado;
6;Computação e Tecnologias da Informação e Comunicação (TIC);0614C013;Ciência da computação - Tecnológico;Tecnológico;
6;Computação e Tecnologias da Informação e Comunicação (TIC);0614C014;Ciência da computação - Sequencial;Sequencial;
6;Computação e Tecnologias da Informação e Comunicação (TIC);0615S013;Segurança da informação - Tecnológico;Tecnológico;
6;Computação e Tecnologias da Informação e Comunicação (TIC);0615S014;Segurança da informação - Sequencial;Sequencial;
6;Computação e Tecnologias da Informação e Comunicação (TIC);0615S022;Sistemas de informação - Bacharelado;Bacharelado;
6;Computação e Tecnologias da Informação e Comunicação (TIC);0615S023;Sistemas de informação - Tecnológico;Tecnológico;
6;Computação e Tecnologias da Informação e Comunicação (TIC);0615S024;Sistemas de informação - Sequencial;Sequencial;
6;Computação e Tecnologias da Informação e Comunicação (TIC);0615S032;Sistemas para internet - Bacharelado;Bacharelado;
6;Computação e Tecnologias da Informação e Comunicação (TIC);0615S033;Sistemas para internet - Tecnológico;Tecnológico;
6;Computação e Tecnologias da Informação e Comunicação (TIC);0615S034;Sistemas para internet - Sequencial;Sequencial;
6;Computação e Tecnologias da Informação e Comunicação (TIC);0616E012;Engenharia de computação (DCN Computação) - Bacharelado;Bacharelado;
6;Computação e Tecnologias da Informação e Comunicação (TIC);0616S013;Sistemas embarcados - Tecnológico;Tecnológico;
6;Computação e Tecnologias da Informação e Comunicação (TIC);0688P012;Programas interdisciplinares abrangendo computação e Tecnologias da Informação e Comunicação (TIC) - Bacharelado;Bacharelado;
6;Computação e Tecnologias da Informação e Comunicação (TIC);0688P013;Programas interdisciplinares abrangendo computação e Tecnologias da Informação e Comunicação (TIC) - Tecnológico;Tecnológico;
7;Engenharia, produção e construção;0710E012;Engenharia - Bacharelado;Bacharelado;
7;Engenharia, produção e construção;0711B013;Biocombustíveis - Tecnológico;Tecnológico;
7;Engenharia, produção e construção;0711E012;Engenharia bioquímica - Bacharelado;Bacharelado;
7;Engenharia, produção e construção;0711E022;Engenharia de bioprocessos - Bacharelado;Bacharelado;
7;Engenharia, produção e construção;0711E032;Engenharia de biotecnologia - Bacharelado;Bacharelado;
7;Engenharia, produção e construção;0711E042;Engenharia de nanotecnologia - Bacharelado;Bacharelado;
7;Engenharia, produção e construção;0711E052;Engenharia química - Bacharelado;Bacharelado;
7;Engenharia, produção e construção;0712E012;Engenharia ambiental - Bacharelado;Bacharelado;
7;Engenharia, produção e construção;0712E022;Engenharia ambiental e sanitária - Bacharelado;Bacharelado;
7;Engenharia, produção e construção;0712G012;Gestão ambiental - Bacharelado;Bacharelado;
7;Engenharia, produção e construção;0712G013;Gestão ambiental - Tecnológico;Tecnológico;
7;Engenharia, produção e construção;0712G014;Gestão ambiental - Sequencial;Sequencial;
7;Engenharia, produção e construção;0712G023;Gestão de resíduos  - Tecnológico;Tecnológico;
7;Engenharia, produção e construção;0712G024;Gestão de resíduos - Sequencial;Sequencial;
7;Engenharia, produção e construção;0712S013;Saneamento ambiental  - Tecnológico;Tecnológico;
7;Engenharia, produção e construção;0713E013;Eletrotécnica industrial  - Tecnológico;Tecnológico;
7;Engenharia, produção e construção;0713E023;Energias renováveis  - Tecnológico;Tecnológico;
7;Engenharia, produção e construção;0713E032;Engenharia bioenergética - Bacharelado;Bacharelado;
7;Engenharia, produção e construção;0713E042;Engenharia de energia - Bacharelado;Bacharelado;
7;Engenharia, produção e construção;0713E052;Engenharia elétrica - Bacharelado;Bacharelado;
7;Engenharia, produção e construção;0713E062;Engenharia nuclear - Bacharelado;Bacharelado;
7;Engenharia, produção e construção;0713R013;Refrigeração e climatização - Tecnológico;Tecnológico;
7;Engenharia, produção e construção;0713S012;Sistemas elétricos - Bacharelado;Bacharelado;
7;Engenharia, produção e construção;0713S013;Sistemas elétricos - Tecnológico;Tecnológico;
7;Engenharia, produção e construção;0713S014;Sistemas elétricos - Sequencial;Sequencial;
7;Engenharia, produção e construção;0714A013;Automação industrial - Tecnológico;Tecnológico;
7;Engenharia, produção e construção;0714A014;Automação industrial - Sequencial;Sequencial;
7;Engenharia, produção e construção;0714E013;Eletrônica industrial - Tecnológico;Tecnológico;
7;Engenharia, produção e construção;0714E022;Engenharia acústica - Bacharelado;Bacharelado;
7;Engenharia, produção e construção;0714E032;Engenharia biomédica - Bacharelado;Bacharelado;
7;Engenharia, produção e construção;0714E042;Engenharia de computação (DCN Engenharia) - Bacharelado;Bacharelado;
7;Engenharia, produção e construção;0714E052;Engenharia de controle e automação - Bacharelado;Bacharelado;
7;Engenharia, produção e construção;0714E062;Engenharia de informação - Bacharelado;Bacharelado;
7;Engenharia, produção e construção;0714E072;Engenharia de telecomunicações - Bacharelado;Bacharelado;
7;Engenharia, produção e construção;0714E082;Engenharia eletrônica - Bacharelado;Bacharelado;
7;Engenharia, produção e construção;0714E092;Engenharia mecatrônica - Bacharelado;Bacharelado;
7;Engenharia, produção e construção;0714G013;Gestão de telecomunicações - Tecnológico;Tecnológico;
7;Engenharia, produção e construção;0714G014;Gestão de telecomunicações - Sequencial;Sequencial;
7;Engenharia, produção e construção;0714M013;Mecatrônica industrial - Tecnológico;Tecnológico;
7;Engenharia, produção e construção;0714M014;Mecatrônica industrial - Sequencial;Sequencial;
7;Engenharia, produção e construção;0714R013;Redes de telecomunicações - Tecnológico;Tecnológico;
7;Engenharia, produção e construção;0714S013;Sistemas biomédicos - Tecnológico;Tecnológico;
7;Engenharia, produção e construção;0714S023;Sistemas de telecomunicações - Tecnológico;Tecnológico;
7;Engenharia, produção e construção;0714S024;Sistemas de telecomunicações - Sequencial;Sequencial;
7;Engenharia, produção e construção;0714T013;Telemática - Tecnológico;Tecnológico;
7;Engenharia, produção e construção;0714T014;Telemática - Sequencial;Sequencial;
7;Engenharia, produção e construção;0715E012;Engenharia física - Bacharelado;Bacharelado;
7;Engenharia, produção e construção;0715E022;Engenharia mecânica - Bacharelado;Bacharelado;
7;Engenharia, produção e construção;0715E032;Engenharia metalúrgica - Bacharelado;Bacharelado;
7;Engenharia, produção e construção;0715F013;Fabricação mecânica - Tecnológico;Tecnológico;
7;Engenharia, produção e construção;0715M013;Manutenção industrial - Tecnológico;Tecnológico;
7;Engenharia, produção e construção;0715M014;Manutenção industrial - Sequencial;Sequencial;
7;Engenharia, produção e construção;0715M023;Mecânica de precisão - Tecnológico;Tecnológico;
7;Engenharia, produção e construção;0715P013;Processos metalúrgicos - Tecnológico;Tecnológico;
7;Engenharia, produção e construção;0715P014;Processos metalúrgicos - Sequencial;Sequencial;
7;Engenharia, produção e construção;0715S013;Soldagem - Tecnológico;Tecnológico;
7;Engenharia, produção e construção;0715S014;Soldagem - Sequencial;Sequencial;
7;Engenharia, produção e construção;0716A013;Aeroespacial - Tecnológico;Tecnológico;
7;Engenharia, produção e construção;0716C013;Construção naval - Tecnológico;Tecnológico;
7;Engenharia, produção e construção;0716E012;Engenharia aeroespacial - Bacharelado;Bacharelado;
7;Engenharia, produção e construção;0716E022;Engenharia aeronáutica - Bacharelado;Bacharelado;
7;Engenharia, produção e construção;0716E023;Engenharia aeronáutica - Tecnológico;Tecnológico;
7;Engenharia, produção e construção;0716E032;Engenharia automotiva - Bacharelado;Bacharelado;
7;Engenharia, produção e construção;0716E042;Engenharia ferroviária e metroviária - Bacharelado;Bacharelado;
7;Engenharia, produção e construção;0716E052;Engenharia naval - Bacharelado;Bacharelado;
7;Engenharia, produção e construção;0716M013;Manutenção de aeronaves - Tecnológico;Tecnológico;
7;Engenharia, produção e construção;0716M014;Manutenção de aeronaves - Sequencial;Sequencial;
7;Engenharia, produção e construção;0716S013;Sistemas automotivos - Tecnológico;Tecnológico;
7;Engenharia, produção e construção;0716S023;Sistemas de navegação fluvial - Tecnológico;Tecnológico;
7;Engenharia, produção e construção;0721A012;Alimentos - Bacharelado;Bacharelado;
7;Engenharia, produção e construção;0721A013;Alimentos - Tecnológico;Tecnológico;
7;Engenharia, produção e construção;0721A014;Alimentos - Sequencial;Sequencial;
7;Engenharia, produção e construção;0721E012;Engenharia de alimentos - Bacharelado;Bacharelado;
7;Engenharia, produção e construção;0721L012;Laticínios - Bacharelado;Bacharelado;
7;Engenharia, produção e construção;0721L013;Laticínios - Tecnológico;Tecnológico;
7;Engenharia, produção e construção;0721P013;Processamento de carnes - Tecnológico;Tecnológico;
7;Engenharia, produção e construção;0721P023;Produção de cachaça - Tecnológico;Tecnológico;
7;Engenharia, produção e construção;0721P033;Produção sucroalcooleira - Tecnológico;Tecnológico;
7;Engenharia, produção e construção;0721P034;Produção sucroalcooleira - Sequencial;Sequencial;
7;Engenharia, produção e construção;0721P043;Produção de cerveja - Tecnológico;Tecnológico;
7;Engenharia, produção e construção;0722C013;Cerâmica - Tecnológico;Tecnológico;
7;Engenharia, produção e construção;0722C023;Ciências dos materiais - Tecnológico;Tecnológico;
7;Engenharia, produção e construção;0722C024;Ciências dos materiais - Sequencial;Sequencial;
7;Engenharia, produção e construção;0722E012;Engenharia de materiais - Bacharelado;Bacharelado;
7;Engenharia, produção e construção;0722P013;Papel e celulose - Tecnológico;Tecnológico;
7;Engenharia, produção e construção;0722P022;Polímeros - Bacharelado;Bacharelado;
7;Engenharia, produção e construção;0722P023;Polímeros - Tecnológico;Tecnológico;
7;Engenharia, produção e construção;0722P033;Produção joalheira - Tecnológico;Tecnológico;
7;Engenharia, produção e construção;0722P043;Produção moveleira - Tecnológico;Tecnológico;
7;Engenharia, produção e construção;0723E012;Engenharia têxtil - Bacharelado;Bacharelado;
7;Engenharia, produção e construção;0723P013;Produção de vestuário - Tecnológico;Tecnológico;
7;Engenharia, produção e construção;0723P022;Produção têxtil - Bacharelado;Bacharelado;
7;Engenharia, produção e construção;0723P023;Produção têxtil - Tecnológico;Tecnológico;
7;Engenharia, produção e construção;0724E012;Engenharia de minas - Bacharelado;Bacharelado;
7;Engenharia, produção e construção;0724E022;Engenharia de petróleo - Bacharelado;Bacharelado;
7;Engenharia, produção e construção;0724E032;Engenharia geológica - Bacharelado;Bacharelado;
7;Engenharia, produção e construção;0724M013;Mineração - Tecnológico;Tecnológico;
7;Engenharia, produção e construção;0724P013;Petróleo e gás - Tecnológico;Tecnológico;
7;Engenharia, produção e construção;0724R013;Rochas ornamentais - Tecnológico;Tecnológico;
7;Engenharia, produção e construção;0725E012;Engenharia de manufatura - Bacharelado;Bacharelado;
7;Engenharia, produção e construção;0725E013;Engenharia de manufatura - Tecnológico;Tecnológico;
7;Engenharia, produção e construção;0725E022;Engenharia de produção - Bacharelado;Bacharelado;
7;Engenharia, produção e construção;0725E032;Engenharia industrial - Bacharelado;Bacharelado;
7;Engenharia, produção e construção;0725P013;Produção gráfica - Tecnológico;Tecnológico;
7;Engenharia, produção e construção;0725P023;Produção industrial - Tecnológico;Tecnológico;
7;Engenharia, produção e construção;0731A013;Agrimensura - Tecnológico;Tecnológico;
7;Engenharia, produção e construção;0731A022;Arquitetura e urbanismo - Bacharelado;Bacharelado;
7;Engenharia, produção e construção;0731A023;Arquitetura e urbanismo - Tecnológico;Tecnológico;
7;Engenharia, produção e construção;0731A024;Arquitetura e urbanismo - Sequencial;Sequencial;
7;Engenharia, produção e construção;0731E012;Engenharia cartográfica - Bacharelado;Bacharelado;
7;Engenharia, produção e construção;0731E022;Engenharia de agrimensura - Bacharelado;Bacharelado;
7;Engenharia, produção e construção;0731E024;Engenharia de agrimensura - Sequencial;Sequencial;
7;Engenharia, produção e construção;0731E032;Engenharia de agrimensura e cartográfica - Bacharelado;Bacharelado;
7;Engenharia, produção e construção;0732C013;Construção de edifícios - Tecnológico;Tecnológico;
7;Engenharia, produção e construção;0732C023;Controle de obras - Tecnológico;Tecnológico;
7;Engenharia, produção e construção;0732C024;Controle de obras - Sequencial;Sequencial;
7;Engenharia, produção e construção;0732E012;Engenharia civil - Bacharelado;Bacharelado;
7;Engenharia, produção e construção;0732E022;Engenharia de recursos hídricos - Bacharelado;Bacharelado;
7;Engenharia, produção e construção;0732E032;Engenharia de transportes - Bacharelado;Bacharelado;
7;Engenharia, produção e construção;0732E042;Engenharia portuária - Bacharelado;Bacharelado;
7;Engenharia, produção e construção;0732E053;Estradas - Tecnológico;Tecnológico;
7;Engenharia, produção e construção;0732G013;Gestão de recursos hídricos - Tecnológico;Tecnológico;
7;Engenharia, produção e construção;0732M013;Material de construção - Tecnológico;Tecnológico;
7;Engenharia, produção e construção;0788P012;Programas interdisciplinares abrangendo engenharia, produção e construção - Bacharelado;Bacharelado;
8;Agricultura, silvicultura, pesca e veterinária;0811A012;Agroecologia - Bacharelado;Bacharelado;
8;Agricultura, silvicultura, pesca e veterinária;0811A013;Agroecologia - Tecnológico;Tecnológico;
8;Agricultura, silvicultura, pesca e veterinária;0811A022;Agroindústria - Bacharelado;Bacharelado;
8;Agricultura, silvicultura, pesca e veterinária;0811A023;Agroindústria - Tecnológico;Tecnológico;
8;Agricultura, silvicultura, pesca e veterinária;0811A024;Agroindústria - Sequencial;Sequencial;
8;Agricultura, silvicultura, pesca e veterinária;0811A032;Agronegócio - Bacharelado;Bacharelado;
8;Agricultura, silvicultura, pesca e veterinária;0811A033;Agronegócio - Tecnológico;Tecnológico;
8;Agricultura, silvicultura, pesca e veterinária;0811A042;Agronomia - Bacharelado;Bacharelado;
8;Agricultura, silvicultura, pesca e veterinária;0811A043;Agronomia - Tecnológico;Tecnológico;
8;Agricultura, silvicultura, pesca e veterinária;0811A053;Agropecuária - Tecnológico;Tecnológico;
8;Agricultura, silvicultura, pesca e veterinária;0811C013;Cafeicultura - Tecnológico;Tecnológico;
8;Agricultura, silvicultura, pesca e veterinária;0811E012;Engenharia agrícola - Bacharelado;Bacharelado;
8;Agricultura, silvicultura, pesca e veterinária;0811E013;Engenharia agrícola - Tecnológico;Tecnológico;
8;Agricultura, silvicultura, pesca e veterinária;0811E022;Engenharia de biossistemas - Bacharelado;Bacharelado;
8;Agricultura, silvicultura, pesca e veterinária;0811F013;Fruticultura - Tecnológico;Tecnológico;
8;Agricultura, silvicultura, pesca e veterinária;0811F014;Fruticultura - Sequencial;Sequencial;
8;Agricultura, silvicultura, pesca e veterinária;0811I013;Irrigação e drenagem - Tecnológico;Tecnológico;
8;Agricultura, silvicultura, pesca e veterinária;0811M013;Manejo da produção agrícola - Tecnológico;Tecnológico;
8;Agricultura, silvicultura, pesca e veterinária;0811V012;Viticultura e enologia - Bacharelado;Bacharelado;
8;Agricultura, silvicultura, pesca e veterinária;0811V013;Viticultura e enologia - Tecnológico;Tecnológico;
8;Agricultura, silvicultura, pesca e veterinária;0811Z012;Zootecnia - Bacharelado;Bacharelado;
8;Agricultura, silvicultura, pesca e veterinária;0811Z013;Zootecnia - Tecnológico;Tecnológico;
8;Agricultura, silvicultura, pesca e veterinária;0811Z014;Zootecnia - Sequencial;Sequencial;
8;Agricultura, silvicultura, pesca e veterinária;0812H013;Horticultura - Tecnológico;Tecnológico;
8;Agricultura, silvicultura, pesca e veterinária;0821E012;Engenharia florestal - Bacharelado;Bacharelado;
8;Agricultura, silvicultura, pesca e veterinária;0821E013;Engenharia florestal - Tecnológico;Tecnológico;
8;Agricultura, silvicultura, pesca e veterinária;0821S013;Silvicultura - Tecnológico;Tecnológico;
8;Agricultura, silvicultura, pesca e veterinária;0831A012;Aquicultura - Bacharelado;Bacharelado;
8;Agricultura, silvicultura, pesca e veterinária;0831A013;Aquicultura - Tecnológico;Tecnológico;
8;Agricultura, silvicultura, pesca e veterinária;0831A014;Aquicultura - Sequencial;Sequencial;
8;Agricultura, silvicultura, pesca e veterinária;0831E012;Engenharia de pesca - Bacharelado;Bacharelado;
8;Agricultura, silvicultura, pesca e veterinária;0831P013;Produção pesqueira - Tecnológico;Tecnológico;
8;Agricultura, silvicultura, pesca e veterinária;0841M012;Medicina veterinária - Bacharelado;Bacharelado;
8;Agricultura, silvicultura, pesca e veterinária;0841M013;Medicina veterinária - Tecnológico;Tecnológico;
8;Agricultura, silvicultura, pesca e veterinária;0841M014;Medicina veterinária - Sequencial;Sequencial;
8;Agricultura, silvicultura, pesca e veterinária;0888P012;Programas interdisciplinares abrangendo agricultura, silvicultura, pesca e veterinária - Bacharelado;Bacharelado;
9;Saúde e bem-estar;0911O012;Odontologia - Bacharelado;Bacharelado;
9;Saúde e bem-estar;0911O014;Odontologia - Sequencial;Sequencial;
9;Saúde e bem-estar;0912M012;Medicina - Bacharelado;Bacharelado;
9;Saúde e bem-estar;0912M013;Medicina - Tecnológico;Tecnológico;
9;Saúde e bem-estar;0912M014;Medicina - Sequencial;Sequencial;
9;Saúde e bem-estar;0913E012;Enfermagem - Bacharelado;Bacharelado;
9;Saúde e bem-estar;0913E014;Enfermagem - Sequencial;Sequencial;
9;Saúde e bem-estar;0914B012;Biomedicina - Bacharelado;Bacharelado;
9;Saúde e bem-estar;0914B014;Biomedicina - Sequencial;Sequencial;
9;Saúde e bem-estar;0914O013;Oftálmica - Tecnológico;Tecnológico;
9;Saúde e bem-estar;0914O022;Optometria - Bacharelado;Bacharelado;
9;Saúde e bem-estar;0914O023;Optometria - Tecnológico;Tecnológico;
9;Saúde e bem-estar;0914P013;Prótese e órtese - Tecnológico;Tecnológico;
9;Saúde e bem-estar;0914P014;Prótese e órtese - Sequencial;Sequencial;
9;Saúde e bem-estar;0914R013;Radiologia - Tecnológico;Tecnológico;
9;Saúde e bem-estar;0914R014;Radiologia - Sequencial;Sequencial;
9;Saúde e bem-estar;0915E012;Educação física - Bacharelado;Bacharelado;
9;Saúde e bem-estar;0915E014;Educação física  - Sequencial;Sequencial;
9;Saúde e bem-estar;0915F012;Fisioterapia - Bacharelado;Bacharelado;
9;Saúde e bem-estar;0915F022;Fonoaudiologia - Bacharelado;Bacharelado;
9;Saúde e bem-estar;0915N012;Nutrição - Bacharelado;Bacharelado;
9;Saúde e bem-estar;0915N013;Nutrição - Tecnológico;Tecnológico;
9;Saúde e bem-estar;0915N014;Nutrição - Sequencial;Sequencial;
9;Saúde e bem-estar;0915P012;Podologia - Bacharelado;Bacharelado;
9;Saúde e bem-estar;0915P013;Podologia - Tecnológico;Tecnológico;
9;Saúde e bem-estar;0915T012;Terapia ocupacional - Bacharelado;Bacharelado;
9;Saúde e bem-estar;0916F012;Farmácia - Bacharelado;Bacharelado;
9;Saúde e bem-estar;0916F013;Farmácia - Tecnológico;Tecnológico;
9;Saúde e bem-estar;0916F014;Farmácia - Sequencial;Sequencial;
9;Saúde e bem-estar;0917M012;Musicoterapia - Bacharelado;Bacharelado;
9;Saúde e bem-estar;0917P012;Práticas integrativas - Bacharelado;Bacharelado;
9;Saúde e bem-estar;0917P013;Práticas integrativas - Tecnológico;Tecnológico;
9;Saúde e bem-estar;0917P014;Práticas integrativas - Sequencial;Sequencial;
9;Saúde e bem-estar;0918S012;Saúde coletiva - Bacharelado;Bacharelado;
9;Saúde e bem-estar;0918S013;Saúde coletiva - Tecnológico;Tecnológico;
9;Saúde e bem-estar;0918S014;Saúde coletiva - Sequencial;Sequencial;
9;Saúde e bem-estar;0918S022;Saúde pública - Bacharelado;Bacharelado;
9;Saúde e bem-estar;0918S023;Saúde pública - Tecnológico;Tecnológico;
9;Saúde e bem-estar;0918S024;Saúde pública - Sequencial;Sequencial;
9;Saúde e bem-estar;0921A014;Assistência a idosos e a deficientes - Sequencial;Sequencial;
9;Saúde e bem-estar;0921G012;Gerontologia - Bacharelado;Bacharelado;
9;Saúde e bem-estar;0921G013;Gerontologia - Tecnológico;Tecnológico;
9;Saúde e bem-estar;0921G014;Gerontologia - Sequencial;Sequencial;
9;Saúde e bem-estar;0923S012;Serviço social - Bacharelado;Bacharelado;
9;Saúde e bem-estar;0923S013;Serviço social - Tecnológico;Tecnológico;
9;Saúde e bem-estar;0923S014;Serviço social - Sequencial;Sequencial;
9;Saúde e bem-estar;0988P012;Programas interdisciplinares abrangendo saúde e bem-estar - Bacharelado;Bacharelado;
9;Saúde e bem-estar;0988P013;Programas interdisciplinares abrangendo saúde e bem-estar - Tecnológico;Tecnológico;
9;Saúde e bem-estar;0988P014;Programas interdisciplinares abrangendo saúde e bem-estar - Sequencial;Sequencial;
10;Serviços;1011E012;Economia doméstica - Bacharelado;Bacharelado;
10;Serviços;1012E012;Estética e cosmética - Bacharelado;Bacharelado;
10;Serviços;1012E013;Estética e cosmética - Tecnológico;Tecnológico;
10;Serviços;1012E014;Estética e cosmética - Sequencial;Sequencial;
10;Serviços;1013G012;Gastronomia - Bacharelado;Bacharelado;
10;Serviços;1013G013;Gastronomia - Tecnológico;Tecnológico;
10;Serviços;1013G014;Gastronomia - Sequencial;Sequencial;
10;Serviços;1014F013;Formação de técnicos e treinadores esportivos - Tecnológico;Tecnológico;
10;Serviços;1014F014;Formação de técnicos e treinadores esportivos - Sequencial;Sequencial;
10;Serviços;1014G012;Gestão desportiva e de lazer - Bacharelado;Bacharelado;
10;Serviços;1014G013;Gestão desportiva e de lazer - Tecnológico;Tecnológico;
10;Serviços;1014G014;Gestão desportiva e de lazer - Sequencial;Sequencial;
10;Serviços;1015E013;Eventos - Tecnológico;Tecnológico;
10;Serviços;1015E014;Eventos - Sequencial;Sequencial;
10;Serviços;1015H012;Hotelaria - Bacharelado;Bacharelado;
10;Serviços;1015H013;Hotelaria - Tecnológico;Tecnológico;
10;Serviços;1015H014;Hotelaria - Sequencial;Sequencial;
10;Serviços;1015T012;Turismo - Bacharelado;Bacharelado;
10;Serviços;1015T013;Turismo - Tecnológico;Tecnológico;
10;Serviços;1015T014;Turismo - Sequencial;Sequencial;
10;Serviços;1022S012;Segurança no trabalho - Bacharelado;Bacharelado;
10;Serviços;1022S013;Segurança no trabalho - Tecnológico;Tecnológico;
10;Serviços;1022S014;Segurança no trabalho - Sequencial;Sequencial;
10;Serviços;1031C012;Ciências militares - Bacharelado;Bacharelado;
10;Serviços;1032I013;Investigação e perícia - Tecnológico;Tecnológico;
10;Serviços;1032I014;Investigação e perícia - Sequencial;Sequencial;
10;Serviços;1032S013;Segurança no trânsito - Tecnológico;Tecnológico;
10;Serviços;1032S014;Segurança no trânsito - Sequencial;Sequencial;
10;Serviços;1032S023;Segurança privada - Tecnológico;Tecnológico;
10;Serviços;1032S024;Segurança privada - Sequencial;Sequencial;
10;Serviços;1032S032;Segurança pública - Bacharelado;Bacharelado;
10;Serviços;1032S033;Segurança pública - Tecnológico;Tecnológico;
10;Serviços;1032S034;Segurança pública - Sequencial;Sequencial;
10;Serviços;1032S043;Serviços penais - Tecnológico;Tecnológico;
10;Serviços;1032S044;Serviços penais - Sequencial;Sequencial;
10;Serviços;1041C012;Ciências aeronáuticas - Bacharelado;Bacharelado;
10;Serviços;1041C013;Ciências aeronáuticas - Tecnológico;Tecnológico;
10;Serviços;1041C014;Ciências aeronáuticas - Sequencial;Sequencial;
10;Serviços;1041G013;Gestão portuária - Tecnológico;Tecnológico;
10;Serviços;1041G014;Gestão portuária - Sequencial;Sequencial;
10;Serviços;1041T013;Transporte aéreo - Tecnológico;Tecnológico;
10;Serviços;1041T023;Transporte terrestre - Tecnológico;Tecnológico;
10;Serviços;1041T024;Transporte terrestre  - Sequencial;Sequencial;
1;Educação;142A01;Processos Escolares - Tecnológico;Tecnológico;Códigos de curso não coletados atualmente (coleta de 2011 a 2019)
;;142C01;Pedagogia (Ciências da Educação) - Bacharelado;Bacharelado;Códigos de curso não coletados atualmente (coleta de 2011 a 2019)
1;Educação;142P01;Pedagogia - Licenciatura;Licenciatura;Códigos de curso não coletados atualmente (coleta de 2011 a 2019)
;;144F12;Licenciatura Interdisciplinar em Ciências Humanas - Licenciatura;Licenciatura;Códigos de curso não coletados atualmente (coleta de 2011 a 2019)
1;Educação;144F13;Licenciatura Intercultural Indígena - Licenciatura ;Licenciatura;Códigos de curso não coletados atualmente (coleta de 2011 a 2019)
;;145F01;Ciências Biológicas - Licenciatura;Licenciatura;Códigos de curso não coletados atualmente (coleta de 2011 a 2019)
1;Educação;145F02;Ciências Naturais - Licenciatura;Licenciatura;Códigos de curso não coletados atualmente (coleta de 2011 a 2019)
;;145F05;Educação Religiosa - Licenciatura;Licenciatura;Códigos de curso não coletados atualmente (coleta de 2011 a 2019)
1;Educação;145F08;Filosofia - Licenciatura;Licenciatura;Códigos de curso não coletados atualmente (coleta de 2011 a 2019)
;;145F09;Física - Licenciatura;Licenciatura;Códigos de curso não coletados atualmente (coleta de 2011 a 2019)
1;Educação;145F10;Geografia - Licenciatura;Licenciatura;Códigos de curso não coletados atualmente (coleta de 2011 a 2019)
;;145F11;História - Licenciatura;Licenciatura;Códigos de curso não coletados atualmente (coleta de 2011 a 2019)
1;Educação;145F14;Letras - Língua Estrangeira - Licenciatura;Licenciatura;Códigos de curso não coletados atualmente (coleta de 2011 a 2019)
;;145F15;Letras - Língua Portuguesa - Licenciatura;Licenciatura;Códigos de curso não coletados atualmente (coleta de 2011 a 2019)
1;Educação;145F17;Letras - Língua Portuguesa e Estrangeira - Licenciatura;Licenciatura;Códigos de curso não coletados atualmente (coleta de 2011 a 2019)
;;145F18;Matemática - Licenciatura;Licenciatura;Códigos de curso não coletados atualmente (coleta de 2011 a 2019)
1;Educação;145F21;Química - Licenciatura;Licenciatura;Códigos de curso não coletados atualmente (coleta de 2011 a 2019)
;;145F24;Ciências Sociais - Licenciatura;Licenciatura;Códigos de curso não coletados atualmente (coleta de 2011 a 2019)
1;Educação;145F28;Libras - Licenciatura;Licenciatura;Códigos de curso não coletados atualmente (coleta de 2011 a 2019)
;;146F02;Licenciatura Interdisciplinar em Artes (Educação Artística) - Licenciatura;Licenciatura;Códigos de curso não coletados atualmente (coleta de 2011 a 2019)
1;Educação;146F04;Artes Visuais - Licenciatura;Licenciatura;Códigos de curso não coletados atualmente (coleta de 2011 a 2019)
;;146F05;Informática - Licenciatura;Licenciatura;Códigos de curso não coletados atualmente (coleta de 2011 a 2019)
1;Educação;146F07;Dança - Licenciatura;Licenciatura;Códigos de curso não coletados atualmente (coleta de 2011 a 2019)
;;146F09;Licenciatura Interdisciplinar em Educação no Campo - Licenciatura;Licenciatura;Códigos de curso não coletados atualmente (coleta de 2011 a 2019)
1;Educação;146F15;Educação Física - Licenciatura;Licenciatura;Códigos de curso não coletados atualmente (coleta de 2011 a 2019)
;;146F20;Música - Licenciatura;Licenciatura;Códigos de curso não coletados atualmente (coleta de 2011 a 2019)
1;Educação;146F22;Teatro - Licenciatura;Licenciatura;Códigos de curso não coletados atualmente (coleta de 2011 a 2019)
;;146P01;Licenciatura para a Educação Profissional e Tecnológica - Licenciatura;Licenciatura;Códigos de curso não coletados atualmente (coleta de 2011 a 2019)
2;Humanidades e Artes;210A01;Bacharelado Interdisciplinar em Artes - Bacharelado;Bacharelado;Códigos de curso não coletados atualmente (coleta de 2011 a 2019)
2;Humanidades e Artes;211A02;Artes Visuais - Bacharelado;Bacharelado;Códigos de curso não coletados atualmente (coleta de 2011 a 2019)
2;Humanidades e Artes;212C02;Produção cênica - Tecnológico;Tecnológico;Códigos de curso não coletados atualmente (coleta de 2011 a 2019)
2;Humanidades e Artes;212D01;Dança - Bacharelado;Bacharelado;Códigos de curso não coletados atualmente (coleta de 2011 a 2019)
2;Humanidades e Artes;212M02;Música - Bacharelado;Bacharelado;Códigos de curso não coletados atualmente (coleta de 2011 a 2019)
2;Humanidades e Artes;212T01;Teatro - Bacharelado;Bacharelado;Códigos de curso não coletados atualmente (coleta de 2011 a 2019)
2;Humanidades e Artes;213A05;Produção audiovisual - Tecnológico;Tecnológico;Códigos de curso não coletados atualmente (coleta de 2011 a 2019)
2;Humanidades e Artes;213C06;Design gráfico - Tecnológico;Tecnológico;Códigos de curso não coletados atualmente (coleta de 2011 a 2019)
2;Humanidades e Artes;213C07;Carnaval - Tecnológico;Tecnológico;Códigos de curso não coletados atualmente (coleta de 2011 a 2019)
2;Humanidades e Artes;213F01;Fotografia - Tecnológico;Tecnológico;Códigos de curso não coletados atualmente (coleta de 2011 a 2019)
2;Humanidades e Artes;213P02;Produção multimídia - Tecnológico;Tecnológico;Códigos de curso não coletados atualmente (coleta de 2011 a 2019)
2;Humanidades e Artes;213P03;Produção fonográfica - Tecnológico;Tecnológico;Códigos de curso não coletados atualmente (coleta de 2011 a 2019)
2;Humanidades e Artes;213P05;Produção publicitária - Tecnológico;Tecnológico;Códigos de curso não coletados atualmente (coleta de 2011 a 2019)
2;Humanidades e Artes;213P07;Produção Cultural - Tecnológico;Tecnológico;Códigos de curso não coletados atualmente (coleta de 2011 a 2019)
2;Humanidades e Artes;214D02;Design de moda - Tecnológico;Tecnológico;Códigos de curso não coletados atualmente (coleta de 2011 a 2019)
2;Humanidades e Artes;214D05;Design - Bacharelado;Bacharelado;Códigos de curso não coletados atualmente (coleta de 2011 a 2019)
2;Humanidades e Artes;214D06;Design de Interiores  - Tecnológico;Tecnológico;Códigos de curso não coletados atualmente (coleta de 2011 a 2019)
2;Humanidades e Artes;214M01;Moda - Bacharelado;Bacharelado;Códigos de curso não coletados atualmente (coleta de 2011 a 2019)
2;Humanidades e Artes;214P01;Design de produto - Tecnológico;Tecnológico;Códigos de curso não coletados atualmente (coleta de 2011 a 2019)
2;Humanidades e Artes;215C02;Conservação e restauro - Tecnológico;Tecnológico;Códigos de curso não coletados atualmente (coleta de 2011 a 2019)
2;Humanidades e Artes;215F01;Fabricação de Instrumentos Musicais - Tecnológico;Tecnológico;Códigos de curso não coletados atualmente (coleta de 2011 a 2019)
2;Humanidades e Artes;220H01;Bacharelado Interdisciplinar Ciências Humanas - Bacharelado ;Bacharelado;Códigos de curso não coletados atualmente (coleta de 2011 a 2019)
2;Humanidades e Artes;220L03;Letras - Língua Portuguesa e Estrangeira - Bacharelado;Bacharelado;Códigos de curso não coletados atualmente (coleta de 2011 a 2019)
2;Humanidades e Artes;221T01;Teologia - Bacharelado;Bacharelado;Códigos de curso não coletados atualmente (coleta de 2011 a 2019)
2;Humanidades e Artes;222L01;Letras - Língua Estrangeira - Bacharelado;Bacharelado;Códigos de curso não coletados atualmente (coleta de 2011 a 2019)
2;Humanidades e Artes;223C01;Comunicação assistiva - Tecnológico;Tecnológico;Códigos de curso não coletados atualmente (coleta de 2011 a 2019)
2;Humanidades e Artes;223L01;Letras - Língua Portuguesa - Bacharelado;Bacharelado;Códigos de curso não coletados atualmente (coleta de 2011 a 2019)
2;Humanidades e Artes;223L02;Libras - Bacharelado;Bacharelado;Códigos de curso não coletados atualmente (coleta de 2011 a 2019)
2;Humanidades e Artes;225A01;Arqueologia - Bacharelado;Bacharelado;Códigos de curso não coletados atualmente (coleta de 2011 a 2019)
2;Humanidades e Artes;225H01;História - Bacharelado;Bacharelado;Códigos de curso não coletados atualmente (coleta de 2011 a 2019)
2;Humanidades e Artes;225M01;Museologia - Bacharelado;Bacharelado;Códigos de curso não coletados atualmente (coleta de 2011 a 2019)
2;Humanidades e Artes;225M02;Museografia - Tecnológico;Tecnológico;Códigos de curso não coletados atualmente (coleta de 2011 a 2019)
2;Humanidades e Artes;226F01;Filosofia - Bacharelado;Bacharelado;Códigos de curso não coletados atualmente (coleta de 2011 a 2019)
3;Ciências sociais, negócios e direitoss;310C02;Ciências Sociais - Bacharelado;Bacharelado;Códigos de curso não coletados atualmente (coleta de 2011 a 2019)
3;Ciências sociais, negócios e direitoss;311P02;Psicologia - Bacharelado;Bacharelado;Códigos de curso não coletados atualmente (coleta de 2011 a 2019)
3;Ciências sociais, negócios e direitoss;312A01;Antropologia - Bacharelado;Bacharelado;Códigos de curso não coletados atualmente (coleta de 2011 a 2019)
3;Ciências sociais, negócios e direitoss;313C01;Ciência política - Bacharelado;Bacharelado;Códigos de curso não coletados atualmente (coleta de 2011 a 2019)
3;Ciências sociais, negócios e direitoss;313R01;Relações Internacionais - Bacharelado;Bacharelado;Códigos de curso não coletados atualmente (coleta de 2011 a 2019)
3;Ciências sociais, negócios e direitoss;314E02;Ciências Econômicas - Bacharelado;Bacharelado;Códigos de curso não coletados atualmente (coleta de 2011 a 2019)
3;Ciências sociais, negócios e direitoss;321C01;Cinema e Audiovisual - Bacharelado;Bacharelado;Códigos de curso não coletados atualmente (coleta de 2011 a 2019)
3;Ciências sociais, negócios e direitoss;321C02;Comunicação Social (Área Geral) - Bacharelado;Bacharelado;Códigos de curso não coletados atualmente (coleta de 2011 a 2019)
3;Ciências sociais, negócios e direitoss;321J01;Jornalismo - Bacharelado;Bacharelado;Códigos de curso não coletados atualmente (coleta de 2011 a 2019)
3;Ciências sociais, negócios e direitoss;321R01;Radio, TV, Internet - Bacharelado;Bacharelado;Códigos de curso não coletados atualmente (coleta de 2011 a 2019)
3;Ciências sociais, negócios e direitoss;322A01;Arquivologia - Bacharelado;Bacharelado;Códigos de curso não coletados atualmente (coleta de 2011 a 2019)
3;Ciências sociais, negócios e direitoss;322B01;Biblioteconomia - Bacharelado;Bacharelado;Códigos de curso não coletados atualmente (coleta de 2011 a 2019)
3;Ciências sociais, negócios e direitoss;340N02;Comércio exterior - Tecnológico;Tecnológico;Códigos de curso não coletados atualmente (coleta de 2011 a 2019)
3;Ciências sociais, negócios e direitoss;341N01;Negócios imobiliários - Tecnológico;Tecnológico;Códigos de curso não coletados atualmente (coleta de 2011 a 2019)
3;Ciências sociais, negócios e direitoss;342C01;Comunicação institucional - Tecnológico;Tecnológico;Códigos de curso não coletados atualmente (coleta de 2011 a 2019)
3;Ciências sociais, negócios e direitoss;342M02;Marketing - Tecnológico;Tecnológico;Códigos de curso não coletados atualmente (coleta de 2011 a 2019)
3;Ciências sociais, negócios e direitoss;342P02;Publicidade e Propaganda - Bacharelado;Bacharelado;Códigos de curso não coletados atualmente (coleta de 2011 a 2019)
3;Ciências sociais, negócios e direitoss;342R01;Relações Públicas - Bacharelado;Bacharelado;Códigos de curso não coletados atualmente (coleta de 2011 a 2019)
3;Ciências sociais, negócios e direitoss;343S01;Gestão de Seguros - Teconológico;Tecnológico;Códigos de curso não coletados atualmente (coleta de 2011 a 2019)
3;Ciências sociais, negócios e direitoss;344C02;Ciências Contábeis - Bacharelado;Bacharelado;Códigos de curso não coletados atualmente (coleta de 2011 a 2019)
3;Ciências sociais, negócios e direitoss;345A01;Administração - Bacharelado;Bacharelado;Códigos de curso não coletados atualmente (coleta de 2011 a 2019)
3;Ciências sociais, negócios e direitoss;345A02;Gestão de cooperativas  - Tecnológico;Tecnológico;Códigos de curso não coletados atualmente (coleta de 2011 a 2019)
3;Ciências sociais, negócios e direitoss;345A07;Gestão hospitalar  - Tecnológico;Tecnológico;Códigos de curso não coletados atualmente (coleta de 2011 a 2019)
3;Ciências sociais, negócios e direitoss;345A10;Gestão pública  - Tecnológico;Tecnológico;Códigos de curso não coletados atualmente (coleta de 2011 a 2019)
3;Ciências sociais, negócios e direitoss;345C01;Processos gerenciais  - Tecnológico;Tecnológico;Códigos de curso não coletados atualmente (coleta de 2011 a 2019)
3;Ciências sociais, negócios e direitoss;345G09;Gestão de recursos humanos  - Tecnológico;Tecnológico;Códigos de curso não coletados atualmente (coleta de 2011 a 2019)
3;Ciências sociais, negócios e direitoss;345G10;Gestão da qualidade  - Tecnológico;Tecnológico;Códigos de curso não coletados atualmente (coleta de 2011 a 2019)
3;Ciências sociais, negócios e direitoss;345G13;Logística  - Tecnológico;Tecnológico;Códigos de curso não coletados atualmente (coleta de 2011 a 2019)
3;Ciências sociais, negócios e direitoss;345G16;Gestão comercial  - Tecnológico;Tecnológico;Códigos de curso não coletados atualmente (coleta de 2011 a 2019)
3;Ciências sociais, negócios e direitoss;345G17;Gestão financeira  - Tecnológico;Tecnológico;Códigos de curso não coletados atualmente (coleta de 2011 a 2019)
3;Ciências sociais, negócios e direitoss;345G26;Gestão de segurança privada - Tecnológico;Tecnológico;Códigos de curso não coletados atualmente (coleta de 2011 a 2019)
3;Ciências sociais, negócios e direitoss;346S01;Secretariado  - Tecnológico;Tecnológico;Códigos de curso não coletados atualmente (coleta de 2011 a 2019)
3;Ciências sociais, negócios e direitoss;346S03;Secretariado Executivo - Bacharelado;Bacharelado;Códigos de curso não coletados atualmente (coleta de 2011 a 2019)
3;Ciências sociais, negócios e direitoss;380D01;Direito - Bacharelado;Bacharelado;Códigos de curso não coletados atualmente (coleta de 2011 a 2019)
4;Ciências, Matemática e Computação;421B07;Biomedicina - Bacharelado;Bacharelado;Códigos de curso não coletados atualmente (coleta de 2011 a 2019)
4;Ciências, Matemática e Computação;421B12;Biotecnologia - Tecnológico;Tecnológico;Códigos de curso não coletados atualmente (coleta de 2011 a 2019)
4;Ciências, Matemática e Computação;421C01;Ciências Biológicas - Bacharelado;Bacharelado;Códigos de curso não coletados atualmente (coleta de 2011 a 2019)
4;Ciências, Matemática e Computação;422S01;Saneamento ambiental - Tecnológico;Tecnológico;Códigos de curso não coletados atualmente (coleta de 2011 a 2019)
4;Ciências, Matemática e Computação;440C01;Bacharelado Interdisciplinar em Ciência e Tecnologia  - Bacharelado;Bacharelado;Códigos de curso não coletados atualmente (coleta de 2011 a 2019)
4;Ciências, Matemática e Computação;441F01;Física - Bacharelado;Bacharelado;Códigos de curso não coletados atualmente (coleta de 2011 a 2019)
4;Ciências, Matemática e Computação;441R01;Física Medica e Radioterapia - Bacharelado;Bacharelado;Códigos de curso não coletados atualmente (coleta de 2011 a 2019)
4;Ciências, Matemática e Computação;442Q01;Química - Bacharelado;Bacharelado;Códigos de curso não coletados atualmente (coleta de 2011 a 2019)
4;Ciências, Matemática e Computação;443C01;Ciência da Terra - Licenciatura;Licenciatura;Códigos de curso não coletados atualmente (coleta de 2011 a 2019)
4;Ciências, Matemática e Computação;443G03;Geofísica - Bacharelado;Bacharelado;Códigos de curso não coletados atualmente (coleta de 2011 a 2019)
4;Ciências, Matemática e Computação;443G05;Geografia - Bacharelado;Bacharelado;Códigos de curso não coletados atualmente (coleta de 2011 a 2019)
4;Ciências, Matemática e Computação;443G06;Geologia - Bacharelado;Bacharelado;Códigos de curso não coletados atualmente (coleta de 2011 a 2019)
4;Ciências, Matemática e Computação;443M01;Meteorologia - Bacharelado;Bacharelado;Códigos de curso não coletados atualmente (coleta de 2011 a 2019)
4;Ciências, Matemática e Computação;443O01;Oceanografia - Bacharelado;Bacharelado;Códigos de curso não coletados atualmente (coleta de 2011 a 2019)
4;Ciências, Matemática e Computação;461M01;Matemática - Bacharelado;Bacharelado;Códigos de curso não coletados atualmente (coleta de 2011 a 2019)
4;Ciências, Matemática e Computação;462C01;Ciências Atuariais - Bacharelado;Bacharelado;Códigos de curso não coletados atualmente (coleta de 2011 a 2019)
4;Ciências, Matemática e Computação;462E01;Estatística - Bacharelado;Bacharelado;Códigos de curso não coletados atualmente (coleta de 2011 a 2019)
4;Ciências, Matemática e Computação;481A01;Redes de computadores - Tecnológico;Tecnológico;Códigos de curso não coletados atualmente (coleta de 2011 a 2019)
4;Ciências, Matemática e Computação;481B01;Banco de dados - Tecnológico;Tecnológico;Códigos de curso não coletados atualmente (coleta de 2011 a 2019)
4;Ciências, Matemática e Computação;481C01;Ciência da Computação - Bacharelado;Bacharelado;Códigos de curso não coletados atualmente (coleta de 2011 a 2019)
4;Ciências, Matemática e Computação;481T01;Gestão da tecnologia da informação - Tecnológico;Tecnológico;Códigos de curso não coletados atualmente (coleta de 2011 a 2019)
4;Ciências, Matemática e Computação;481T02;Jogos Digitais - Tecnológico;Tecnológico;Códigos de curso não coletados atualmente (coleta de 2011 a 2019)
4;Ciências, Matemática e Computação;482U01;Sistemas para internet - Tecnológico;Tecnológico;Códigos de curso não coletados atualmente (coleta de 2011 a 2019)
4;Ciências, Matemática e Computação;483S01;Análise e desenvolvimento de sistemas / Segurança da informação - Tecnológico;Tecnológico;Códigos de curso não coletados atualmente (coleta de 2011 a 2019)
4;Ciências, Matemática e Computação;483S02;Sistemas de Informação - Bacharelado;Bacharelado;Códigos de curso não coletados atualmente (coleta de 2011 a 2019)
5;Engenharia, Produção e Construção;520A01;Automação industrial - Tecnológico;Tecnológico;Códigos de curso não coletados atualmente (coleta de 2011 a 2019)
5;Engenharia, Produção e Construção;520E01;Engenharia - Bacharelado;Bacharelado;Códigos de curso não coletados atualmente (coleta de 2011 a 2019)
5;Engenharia, Produção e Construção;520E04;Engenharia de Materiais - Bacharelado;Bacharelado;Códigos de curso não coletados atualmente (coleta de 2011 a 2019)
5;Engenharia, Produção e Construção;520E05;Engenharia de Produção - Bacharelado;Bacharelado;Códigos de curso não coletados atualmente (coleta de 2011 a 2019)
5;Engenharia, Produção e Construção;520E09;Engenharia Ambiental e Sanitária - Bacharelado;Bacharelado;Códigos de curso não coletados atualmente (coleta de 2011 a 2019)
5;Engenharia, Produção e Construção;520G01;Geoprocessamento - Tecnológico;Tecnológico;Códigos de curso não coletados atualmente (coleta de 2011 a 2019)
5;Engenharia, Produção e Construção;520M01;Manutenção industrial - Tecnológico;Tecnológico;Códigos de curso não coletados atualmente (coleta de 2011 a 2019)
5;Engenharia, Produção e Construção;520P02;Gestão da produção industrial - Tecnológico;Tecnológico;Códigos de curso não coletados atualmente (coleta de 2011 a 2019)
5;Engenharia, Produção e Construção;520T01;Gestão de telecomunicações - Tecnológico;Tecnológico;Códigos de curso não coletados atualmente (coleta de 2011 a 2019)
5;Engenharia, Produção e Construção;521E05;Engenharia Mecânica - Bacharelado;Bacharelado;Códigos de curso não coletados atualmente (coleta de 2011 a 2019)
5;Engenharia, Produção e Construção;521E06;Engenharia Metalúrgica - Bacharelado;Bacharelado;Códigos de curso não coletados atualmente (coleta de 2011 a 2019)
5;Engenharia, Produção e Construção;521M03;Mecânica de precisão - Tecnológico;Tecnológico;Códigos de curso não coletados atualmente (coleta de 2011 a 2019)
5;Engenharia, Produção e Construção;521T02;Processos metalúrgicos - Tecnológico;Tecnológico;Códigos de curso não coletados atualmente (coleta de 2011 a 2019)
5;Engenharia, Produção e Construção;521T03;Fabricação mecânica - Tecnológico;Tecnológico;Códigos de curso não coletados atualmente (coleta de 2011 a 2019)
5;Engenharia, Produção e Construção;522D02;Sistemas elétricos - Tecnológico;Tecnológico;Códigos de curso não coletados atualmente (coleta de 2011 a 2019)
5;Engenharia, Produção e Construção;522E06;Engenharia Elétrica - Bacharelado;Bacharelado;Códigos de curso não coletados atualmente (coleta de 2011 a 2019)
5;Engenharia, Produção e Construção;522E08;Sistemas de energia - Tecnológico;Tecnológico;Códigos de curso não coletados atualmente (coleta de 2011 a 2019)
5;Engenharia, Produção e Construção;522R01;Refrigeração/Aquecimento - Tecnológico;Tecnológico;Códigos de curso não coletados atualmente (coleta de 2011 a 2019)
5;Engenharia, Produção e Construção;522T02;Eletrotécnica industrial - Tecnológico;Tecnológico;Códigos de curso não coletados atualmente (coleta de 2011 a 2019)
5;Engenharia, Produção e Construção;523B01;Engenharia Biomédica - Bacharelado;Bacharelado;Códigos de curso não coletados atualmente (coleta de 2011 a 2019)
5;Engenharia, Produção e Construção;523E04;Engenharia de Computação - Bacharelado;Bacharelado;Códigos de curso não coletados atualmente (coleta de 2011 a 2019)
5;Engenharia, Produção e Construção;523E09;Engenharia Eletrônica - Bacharelado;Bacharelado;Códigos de curso não coletados atualmente (coleta de 2011 a 2019)
5;Engenharia, Produção e Construção;523E10;Engenharia mecatrônica - Bacharelado;Bacharelado;Códigos de curso não coletados atualmente (coleta de 2011 a 2019)
5;Engenharia, Produção e Construção;523E11;Engenharia de Controle e Automação - Bacharelado;Bacharelado;Códigos de curso não coletados atualmente (coleta de 2011 a 2019)
5;Engenharia, Produção e Construção;523E12;Engenharia de Telecomunicações - Bacharelado;Bacharelado;Códigos de curso não coletados atualmente (coleta de 2011 a 2019)
5;Engenharia, Produção e Construção;523M01;Sistemas biomédicos - Tecnológico;Tecnológico;Códigos de curso não coletados atualmente (coleta de 2011 a 2019)
5;Engenharia, Produção e Construção;523S03;Sistemas eletrônicos - Tecnológico;Tecnológico;Códigos de curso não coletados atualmente (coleta de 2011 a 2019)
5;Engenharia, Produção e Construção;523T01;Redes de telecomunicações / Sistemas de telecomunicações - Tecnológico;Tecnológico;Códigos de curso não coletados atualmente (coleta de 2011 a 2019)
5;Engenharia, Produção e Construção;523T04;Mecatrônica industrial - Tecnológico;Tecnológico;Códigos de curso não coletados atualmente (coleta de 2011 a 2019)
5;Engenharia, Produção e Construção;523T05;Telemática - Tecnológico;Tecnológico;Códigos de curso não coletados atualmente (coleta de 2011 a 2019)
5;Engenharia, Produção e Construção;523T06;Eletrônica industrial - Tecnológico;Tecnológico;Códigos de curso não coletados atualmente (coleta de 2011 a 2019)
5;Engenharia, Produção e Construção;524E01;Engenharia de Bioprocessos - Bacharelado;Bacharelado;Códigos de curso não coletados atualmente (coleta de 2011 a 2019)
5;Engenharia, Produção e Construção;524E06;Engenharia nuclear - Bacharelado;Bacharelado;Códigos de curso não coletados atualmente (coleta de 2011 a 2019)
5;Engenharia, Produção e Construção;524E07;Engenharia Química - Bacharelado;Bacharelado;Códigos de curso não coletados atualmente (coleta de 2011 a 2019)
5;Engenharia, Produção e Construção;524T03;Processos químicos - Tecnológico;Tecnológico;Códigos de curso não coletados atualmente (coleta de 2011 a 2019)
5;Engenharia, Produção e Construção;524T04;Biocombustíveis - Tecnológico;Tecnológico;Códigos de curso não coletados atualmente (coleta de 2011 a 2019)
5;Engenharia, Produção e Construção;525A01;Mecanização Agrícola - Tecnológico;Tecnológico;Códigos de curso não coletados atualmente (coleta de 2011 a 2019)
5;Engenharia, Produção e Construção;525C04;Construção naval - Tecnológico;Tecnológico;Códigos de curso não coletados atualmente (coleta de 2011 a 2019)
5;Engenharia, Produção e Construção;525E04;Engenharia Aeronáutica - Bacharelado;Bacharelado;Códigos de curso não coletados atualmente (coleta de 2011 a 2019)
5;Engenharia, Produção e Construção;525E05;Engenharia automotiva - Bacharelado;Bacharelado;Códigos de curso não coletados atualmente (coleta de 2011 a 2019)
5;Engenharia, Produção e Construção;525E08;Engenharia Naval - Bacharelado;Bacharelado;Códigos de curso não coletados atualmente (coleta de 2011 a 2019)
5;Engenharia, Produção e Construção;525M01;Manutenção de aeronaves - Tecnológico;Tecnológico;Códigos de curso não coletados atualmente (coleta de 2011 a 2019)
5;Engenharia, Produção e Construção;525S01;Sistemas Automotivos - Tecnológico;Tecnológico;Códigos de curso não coletados atualmente (coleta de 2011 a 2019)
5;Engenharia, Produção e Construção;540F02;Produção Joalheira/Design de jóias e gemas - Tecnológico;Tecnológico;Códigos de curso não coletados atualmente (coleta de 2011 a 2019)
5;Engenharia, Produção e Construção;540F03;Produção Gráfica  - Tecnológico;Tecnológico;Códigos de curso não coletados atualmente (coleta de 2011 a 2019)
5;Engenharia, Produção e Construção;541E01;Engenharia de Alimentos - Bacharelado;Bacharelado;Códigos de curso não coletados atualmente (coleta de 2011 a 2019)
5;Engenharia, Produção e Construção;541I02;Laticínios  - Tecnológico;Tecnológico;Códigos de curso não coletados atualmente (coleta de 2011 a 2019)
5;Engenharia, Produção e Construção;541P05;Processamento de Carnes  - Tecnológico;Tecnológico;Códigos de curso não coletados atualmente (coleta de 2011 a 2019)
5;Engenharia, Produção e Construção;541P09;Viticultura e Enologia  - Tecnológico;Tecnológico;Códigos de curso não coletados atualmente (coleta de 2011 a 2019)
5;Engenharia, Produção e Construção;541T01;Alimentos  - Tecnológico;Tecnológico;Códigos de curso não coletados atualmente (coleta de 2011 a 2019)
5;Engenharia, Produção e Construção;541T02;Produção Sucroalcooleira  - Tecnológico;Tecnológico;Códigos de curso não coletados atualmente (coleta de 2011 a 2019)
5;Engenharia, Produção e Construção;541T03;Produção de Cachaça  - Tecnológico;Tecnológico;Códigos de curso não coletados atualmente (coleta de 2011 a 2019)
5;Engenharia, Produção e Construção;542B01;Bioenergia - Tecnológico;Tecnológico;Códigos de curso não coletados atualmente (coleta de 2011 a 2019)
5;Engenharia, Produção e Construção;542E03;Engenharia Têxtil - Bacharelado;Bacharelado;Códigos de curso não coletados atualmente (coleta de 2011 a 2019)
5;Engenharia, Produção e Construção;542I01;Produção de vestuário  - Tecnológico;Tecnológico;Códigos de curso não coletados atualmente (coleta de 2011 a 2019)
5;Engenharia, Produção e Construção;542I02;Produção têxtil  - Tecnológico;Tecnológico;Códigos de curso não coletados atualmente (coleta de 2011 a 2019)
5;Engenharia, Produção e Construção;543C01;Cerâmica - Tecnológico;Tecnológico;Códigos de curso não coletados atualmente (coleta de 2011 a 2019)
5;Engenharia, Produção e Construção;543F03;Produção moveleira  - Tecnológico;Tecnológico;Códigos de curso não coletados atualmente (coleta de 2011 a 2019)
5;Engenharia, Produção e Construção;543F05;Papel e celulose  - Tecnológico;Tecnológico;Códigos de curso não coletados atualmente (coleta de 2011 a 2019)
5;Engenharia, Produção e Construção;543P06;Polímeros - Tecnológico;Tecnológico;Códigos de curso não coletados atualmente (coleta de 2011 a 2019)
5;Engenharia, Produção e Construção;544E01;Engenharia de Minas - Bacharelado;Bacharelado;Códigos de curso não coletados atualmente (coleta de 2011 a 2019)
5;Engenharia, Produção e Construção;544E05;Petróleo e gás  - Tecnológico;Tecnológico;Códigos de curso não coletados atualmente (coleta de 2011 a 2019)
5;Engenharia, Produção e Construção;544E07;Engenharia de Petróleo - Bacharelado;Bacharelado;Códigos de curso não coletados atualmente (coleta de 2011 a 2019)
5;Engenharia, Produção e Construção;544M02;Mineração e extração - Tecnológico;Tecnológico;Códigos de curso não coletados atualmente (coleta de 2011 a 2019)
5;Engenharia, Produção e Construção;544R01;Rochas ornamentais  - Tecnológico;Tecnológico;Códigos de curso não coletados atualmente (coleta de 2011 a 2019)
5;Engenharia, Produção e Construção;544T01;Tecnologia de Mineração - Tecnológico;Tecnológico;Códigos de curso não coletados atualmente (coleta de 2011 a 2019)
5;Engenharia, Produção e Construção;581A05;Arquitetura e Urbanismo - Bacharelado;Bacharelado;Códigos de curso não coletados atualmente (coleta de 2011 a 2019)
5;Engenharia, Produção e Construção;582A01;Obras hidráulicas - Tecnológico;Tecnológico;Códigos de curso não coletados atualmente (coleta de 2011 a 2019)
5;Engenharia, Produção e Construção;582A02;Agrimensura - Tecnológico;Tecnológico;Códigos de curso não coletados atualmente (coleta de 2011 a 2019)
5;Engenharia, Produção e Construção;582C05;Construção de Edifícios - Tecnológico;Tecnológico;Códigos de curso não coletados atualmente (coleta de 2011 a 2019)
5;Engenharia, Produção e Construção;582E02;Engenharia Cartográfica e de Agrimensura - Bacharelado;Bacharelado;Códigos de curso não coletados atualmente (coleta de 2011 a 2019)
5;Engenharia, Produção e Construção;582E03;Engenharia Civil - Bacharelado;Bacharelado;Códigos de curso não coletados atualmente (coleta de 2011 a 2019)
5;Engenharia, Produção e Construção;582M02;Material de construção - Tecnológico;Tecnológico;Códigos de curso não coletados atualmente (coleta de 2011 a 2019)
5;Engenharia, Produção e Construção;582O01;Controle de obras - Tecnológico;Tecnológico;Códigos de curso não coletados atualmente (coleta de 2011 a 2019)
5;Engenharia, Produção e Construção;582T04;Estradas - Tecnológico;Tecnológico;Códigos de curso não coletados atualmente (coleta de 2011 a 2019)
6;Agricultura e Veterinária;621A03;Agroindústria - Tecnológico;Tecnológico;Códigos de curso não coletados atualmente (coleta de 2011 a 2019)
6;Agricultura e Veterinária;621A04;Agronomia - Bacharelado;Bacharelado;Códigos de curso não coletados atualmente (coleta de 2011 a 2019)
6;Agricultura e Veterinária;621A06;Agroecologia - Tecnológico;Tecnológico;Códigos de curso não coletados atualmente (coleta de 2011 a 2019)
6;Agricultura e Veterinária;621E03;Engenharia Agrícola - Bacharelado;Bacharelado;Códigos de curso não coletados atualmente (coleta de 2011 a 2019)
6;Agricultura e Veterinária;621M02;Produção Agrícola - Tecnológico;Tecnológico;Códigos de curso não coletados atualmente (coleta de 2011 a 2019)
6;Agricultura e Veterinária;621T01;Irrigação e Drenagem - Tecnológico;Tecnológico;Códigos de curso não coletados atualmente (coleta de 2011 a 2019)
6;Agricultura e Veterinária;621T03;Agronegócio - Tecnológico;Tecnológico;Códigos de curso não coletados atualmente (coleta de 2011 a 2019)
6;Agricultura e Veterinária;621T04;Cafeicultura - Tecnológico;Tecnológico;Códigos de curso não coletados atualmente (coleta de 2011 a 2019)
6;Agricultura e Veterinária;621T05;Produção de Grãos - Tecnológico;Tecnológico;Códigos de curso não coletados atualmente (coleta de 2011 a 2019)
6;Agricultura e Veterinária;621Z01;Zootecnia - Bacharelado;Bacharelado;Códigos de curso não coletados atualmente (coleta de 2011 a 2019)
6;Agricultura e Veterinária;622H01;Horticultura - Tecnológico;Tecnológico;Códigos de curso não coletados atualmente (coleta de 2011 a 2019)
6;Agricultura e Veterinária;623E01;Engenharia Florestal - Bacharelado;Bacharelado;Códigos de curso não coletados atualmente (coleta de 2011 a 2019)
6;Agricultura e Veterinária;623S01;Silvicultura - Tecnológico;Tecnológico;Códigos de curso não coletados atualmente (coleta de 2011 a 2019)
6;Agricultura e Veterinária;624A01;Aqüicultura - Tecnológico;Tecnológico;Códigos de curso não coletados atualmente (coleta de 2011 a 2019)
6;Agricultura e Veterinária;624E01;Engenharia de Pesca - Bacharelado;Bacharelado;Códigos de curso não coletados atualmente (coleta de 2011 a 2019)
6;Agricultura e Veterinária;624T01;Produção Pesqueira - Tecnológico;Tecnológico;Códigos de curso não coletados atualmente (coleta de 2011 a 2019)
6;Agricultura e Veterinária;641M01;Medicina Veterinária - Bacharelado;Bacharelado;Códigos de curso não coletados atualmente (coleta de 2011 a 2019)
7;Saúde e Bem-estar Social;720E01;Educação Física - Bacharelado;Bacharelado;Códigos de curso não coletados atualmente (coleta de 2011 a 2019)
7;Saúde e Bem-estar Social;720N01;Naturologia - Bacharelado;Bacharelado;Códigos de curso não coletados atualmente (coleta de 2011 a 2019)
7;Saúde e Bem-estar Social;720S01;Bacharelado Interdisciplinar Ciências da Saúde - Bacharelado;Bacharelado;Códigos de curso não coletados atualmente (coleta de 2011 a 2019)
7;Saúde e Bem-estar Social;721M01;Medicina - Bacharelado;Bacharelado;Códigos de curso não coletados atualmente (coleta de 2011 a 2019)
7;Saúde e Bem-estar Social;721O02;Oftálmica - Tecnológico;Tecnológico;Códigos de curso não coletados atualmente (coleta de 2011 a 2019)
7;Saúde e Bem-estar Social;723E01;Enfermagem - Bacharelado;Bacharelado;Códigos de curso não coletados atualmente (coleta de 2011 a 2019)
7;Saúde e Bem-estar Social;724O01;Odontologia - Bacharelado;Bacharelado;Códigos de curso não coletados atualmente (coleta de 2011 a 2019)
7;Saúde e Bem-estar Social;725T06;Radiologia - Tecnológico;Tecnológico;Códigos de curso não coletados atualmente (coleta de 2011 a 2019)
7;Saúde e Bem-estar Social;726F01;Fisioterapia - Bacharelado;Bacharelado;Códigos de curso não coletados atualmente (coleta de 2011 a 2019)
7;Saúde e Bem-estar Social;726F03;Fonoaudiologia - Bacharelado;Bacharelado;Códigos de curso não coletados atualmente (coleta de 2011 a 2019)
7;Saúde e Bem-estar Social;726N02;Nutrição - Bacharelado;Bacharelado;Códigos de curso não coletados atualmente (coleta de 2011 a 2019)
7;Saúde e Bem-estar Social;726O01;Óptica e Optometria - Tecnológico ;Tecnológico;Códigos de curso não coletados atualmente (coleta de 2011 a 2019)
7;Saúde e Bem-estar Social;726Q01;Quiropraxia - Bacharelado;Bacharelado;Códigos de curso não coletados atualmente (coleta de 2011 a 2019)
7;Saúde e Bem-estar Social;726T01;Terapia Ocupacional - Bacharelado;Bacharelado;Códigos de curso não coletados atualmente (coleta de 2011 a 2019)
7;Saúde e Bem-estar Social;727F01;Farmácia - Bacharelado;Bacharelado;Códigos de curso não coletados atualmente (coleta de 2011 a 2019)
7;Saúde e Bem-estar Social;762S01;Serviço Social - Bacharelado;Bacharelado;Códigos de curso não coletados atualmente (coleta de 2011 a 2019)
8;Serviços;811G01;Gastronomia - Tecnológico;Tecnológico;Códigos de curso não coletados atualmente (coleta de 2011 a 2019)
8;Serviços;811H02;Hotelaria - Tecnológico;Tecnológico;Códigos de curso não coletados atualmente (coleta de 2011 a 2019)
;;811H03;Hotelaria Hospitalar - Tecnológico;Tecnológico;Códigos de curso não coletados atualmente (coleta de 2011 a 2019)
8;Serviços;812E01;Eventos - Tecnológico;Tecnológico;Códigos de curso não coletados atualmente (coleta de 2011 a 2019)
;;812P01;Gestão de Turismo - Tecnológico;Tecnológico;Códigos de curso não coletados atualmente (coleta de 2011 a 2019)
8;Serviços;812T01;Turismo - Bacharelado;Bacharelado;Códigos de curso não coletados atualmente (coleta de 2011 a 2019)
;;813F02;Futebol - Tecnológico;Tecnológico;Códigos de curso não coletados atualmente (coleta de 2011 a 2019)
8;Serviços;813G02;Gestão desportiva e de lazer - Tecnológico;Tecnológico;Códigos de curso não coletados atualmente (coleta de 2011 a 2019)
;;814E02;Economia doméstica - Bacharelado;Bacharelado;Códigos de curso não coletados atualmente (coleta de 2011 a 2019)
8;Serviços;815E01;Estética e Cosmética - Tecnológico;Tecnológico;Códigos de curso não coletados atualmente (coleta de 2011 a 2019)
;;840A01;Pilotagem profissional de aeronaves - Tecnológico;Tecnológico;Códigos de curso não coletados atualmente (coleta de 2011 a 2019)
8;Serviços;840C04;Ciências Aeronáuticas - Bacharelado*;Bacharelado;Códigos de curso não coletados atualmente (coleta de 2011 a 2019)
;;840C05;Ciências Navais - Bacharelado*;Bacharelado;Códigos de curso não coletados atualmente (coleta de 2011 a 2019)
8;Serviços;840N02;Sistemas de navegação fluvial - Tecnológico;Tecnológico;Códigos de curso não coletados atualmente (coleta de 2011 a 2019)
;;840S01;Gestão portuária - Tecnológico;Tecnológico;Códigos de curso não coletados atualmente (coleta de 2011 a 2019)
8;Serviços;840S02;Transporte aéreo - Tecnológico;Tecnológico;Códigos de curso não coletados atualmente (coleta de 2011 a 2019)
;;840T02;Transporte terrestre - Tecnológico;Tecnológico;Códigos de curso não coletados atualmente (coleta de 2011 a 2019)
8;Serviços;850G01;Processos ambientais / Gestão ambiental - Tecnológico;Tecnológico;Códigos de curso não coletados atualmente (coleta de 2011 a 2019)
;;861S02;Segurança no trânsito / Segurança pública - Tecnológico;Tecnológico;Códigos de curso não coletados atualmente (coleta de 2011 a 2019)
8;Serviços;861S03;Serviços penais - Tecnológico;Tecnológico;Códigos de curso não coletados atualmente (coleta de 2011 a 2019)
;;862S01;Segurança no trabalho - Tecnológico;Tecnológico;Códigos de curso não coletados atualmente (coleta de 2011 a 2019)
8;Serviços;863C01;Ciências Militares - Bacharelado*;Bacharelado;Códigos de curso não coletados atualmente (coleta de 2011 a 2019)
;;863C02;Ciências da Logística - Bacharelado*;Bacharelado;Códigos de curso não coletados atualmente (coleta de 2011 a 2019)
8;Serviços;863F01;Formação Militar - Bacharelado*;Bacharelado;Códigos de curso não coletados atualmente (coleta de 2011 a 2019)
9;Outros;999990;Outro curso de formação superior - Licenciatura;Licenciatura;Códigos de curso não coletados atualmente (coleta de 2011 a 2019)
9;Outros;999991;Outro curso de formação superior - Bacharelado;Bacharelado;Códigos de curso não coletados atualmente (coleta de 2011 a 2019)
9;Outros;999992;Outro curso de formação superior - Tecnológico;Tecnológico;Códigos de curso não coletados atualmente (coleta de 2011 a 2019)
2;Humanidades e artes;212999;Música e artes cênicas;-;Códigos de curso não coletados atualmente (coleta de 2008 a 2010)
3;Ciências sociais, negócios e direitos;341999;Vendas em atacado e varejo;-;Códigos de curso não coletados atualmente (coleta de 2008 a 2010)
5;Engenharia, produção e construção;523999;Eletrônica e automação;-;Códigos de curso não coletados atualmente (coleta de 2008 a 2010)
5;Engenharia, produção e construção;525999;Veículos a motor, construção naval e aeronáutica;-;Códigos de curso não coletados atualmente (coleta de 2008 a 2010)
6;Agricultura e veterinária;621999;Produção agrícola e pecuária;-;Códigos de curso não coletados atualmente (coleta de 2008 a 2010)
8;Serviços;840999;Transportes e serviços;-;Códigos de curso não coletados atualmente (coleta de 2008 a 2010)
8;Serviços;862999;Saúde e segurança do trabalho;-;Códigos de curso não coletados atualmente (coleta de 2008 a 2010)
3;Ciências sociais, negócios e direitos;343F01;Finanças, bancos, seguros;-;Códigos de curso não coletados atualmente (coleta de 2008 a 2010)
3;Ciências sociais, negócios e direitos;347V01;Vida profissional;-;Códigos de curso não coletados atualmente (coleta de 2008 a 2010)
4;Ciências, matemática e computação;443P01;Paleontologia;-;Códigos de curso não coletados atualmente (coleta de 2008 a 2010)
5;Engenharia, produção e construção;520D01;Desenho industrial;-;Códigos de curso não coletados atualmente (coleta de 2008 a 2010)
5;Engenharia, produção e construção;540F01;Fabricação e processamento;-;Códigos de curso não coletados atualmente (coleta de 2008 a 2010)
-;-;1;Administração;-;Códigos de curso não coletados atualmente (coleta apenas em 2007)
-;-;2;Agronomia/Geologia/Ciências da Terra;-;Códigos de curso não coletados atualmente (coleta apenas em 2007)
-;-;3;Arquitetura e Urbanismo;-;Códigos de curso não coletados atualmente (coleta apenas em 2007)
-;-;4;Artes Cênicas;-;Códigos de curso não coletados atualmente (coleta apenas em 2007)
-;-;5;Astronomia;-;Códigos de curso não coletados atualmente (coleta apenas em 2007)
-;-;6;Belas Artes/Artes Plásticas/Educação Artística;-;Códigos de curso não coletados atualmente (coleta apenas em 2007)
-;-;7;Biblioteconomia;-;Códigos de curso não coletados atualmente (coleta apenas em 2007)
-;-;8;Ciências;-;Códigos de curso não coletados atualmente (coleta apenas em 2007)
-;-;9;Ciências Biológicas;-;Códigos de curso não coletados atualmente (coleta apenas em 2007)
-;-;10;Ciências Sociais/Sociologia;-;Códigos de curso não coletados atualmente (coleta apenas em 2007)
-;-;11;Comunicação Social;-;Códigos de curso não coletados atualmente (coleta apenas em 2007)
-;-;12;Direito;-;Códigos de curso não coletados atualmente (coleta apenas em 2007)
-;-;13;Educação Física;-;Códigos de curso não coletados atualmente (coleta apenas em 2007)
-;-;14;Engenharia;-;Códigos de curso não coletados atualmente (coleta apenas em 2007)
-;-;15;Estatística/Atuaria/Ciências Contábeis/Ciências Econômicas;-;Códigos de curso não coletados atualmente (coleta apenas em 2007)
-;-;16;Estudos Sociais;-;Códigos de curso não coletados atualmente (coleta apenas em 2007)
-;-;17;Filosofia;-;Códigos de curso não coletados atualmente (coleta apenas em 2007)
-;-;18;Física;-;Códigos de curso não coletados atualmente (coleta apenas em 2007)
-;-;19;Geografia;-;Códigos de curso não coletados atualmente (coleta apenas em 2007)
-;-;20;História;-;Códigos de curso não coletados atualmente (coleta apenas em 2007)
-;-;21;Informática/Computação/Processamento de Dados;-;Códigos de curso não coletados atualmente (coleta apenas em 2007)
-;-;22;Letras/Literatura/Língua Portuguesa;-;Códigos de curso não coletados atualmente (coleta apenas em 2007)
-;-;23;Letras/Literatura/Língua Estrangeira;-;Códigos de curso não coletados atualmente (coleta apenas em 2007)
-;-;24;Licenciatura Intercultural Específica;-;Códigos de curso não coletados atualmente (coleta apenas em 2007)
-;-;25;Matemática;-;Códigos de curso não coletados atualmente (coleta apenas em 2007)
-;-;26;Medicina/Odontologia/Enfermagem/Farmácia;-;Códigos de curso não coletados atualmente (coleta apenas em 2007)
-;-;27;Música;-;Códigos de curso não coletados atualmente (coleta apenas em 2007)
-;-;28;Pedagogia/Ciências da Educação;-;Códigos de curso não coletados atualmente (coleta apenas em 2007)
-;-;29;Psicologia;-;Códigos de curso não coletados atualmente (coleta apenas em 2007)
-;-;30;Química;-;Códigos de curso não coletados atualmente (coleta apenas em 2007)
-;-;31;Religião/Teologia;-;Códigos de curso não coletados atualmente (coleta apenas em 2007)
-;-;32;Outros Cursos;-;Códigos de curso não coletados atualmente (coleta apenas em 2007)