Link,Tipo,Nome do Evento,Escola,Área,Duração,Período da atividade,Horários,Período de inscrição,Investimento,Sobre,Objetivos,Programação,Pré-requisitos,Ministrante,Promoção,Apoio,Local,Certificado,Competências
https://unisinos.br/lab/cursos/gestao-de-compras-ex122181-00031-1505,Cursos de Extensão,Gestão de Compras,Gestão e Negócios,Não especificada,24 horas,16/04/2024 - 25/04/2024,16/04/24 (Terca-feira): 18h30 às 22h30 até 17/04/24 (Quarta-feira): 18h30 às 22h30,06/12/2023 - 16/04/2024,,,,,,,,,"Plataforma Moodle (www.moodle.unisinos.br).
Microsoft Teams.",Não encontrado,Não encontrado
https://unisinos.br/lab/cursos/a-escola-contemporanea-como-um-tempo-espaco-de-conversacao-com-o-passado-o-presente-e-o-futuro-ex125343-00001-1505,Cursos de Extensão,"A Escola Contemporânea como um Tempo-Espaço de Conversação com o Passado, o Presente e o Futuro",Escola,Humanidades,42 horas,16/04/2024 - 16/07/2024,16/04/24 (Terca-feira): 19h00 às 22h00 até 23/04/24 (Terca-feira): 19h00 às 22h00,12/04/2024 - 16/04/2024,Gratuito,,,,"Sem pré-requisitos, senão o desejo e o compromisso de participar do curso, realizando as leituras e participando dos encontros. ",,,,"Plataforma para aulas on-line: Microsoft Teams (https://www.microsoft.com/pt-br/microsoft-teams/free)
Plataforma para acesso aos cursos: Moodle (www.moodle.unisinos.br)
Para acessar o Moodle, informar seu usuário seguido de @edu.unisinos.br e a sua senha (mesma da Unisinos LAB).
Para alterar ou recuperar a senha, acessar o portal Minha Unisinos (www.minha.unisinos.br), e selecionar a opção ""Esqueceu a senha?"".
Contato para dúvidas: secretariacurta@unisinos.br

",Não encontrado,Não encontrado
https://unisinos.br/lab/cursos/excel-dashboards-excel-vba-ex124788-00008-1505,Cursos de Extensão,Excel DASHBOARDS + Excel VBA,Politécnica,Não especificada,16 horas,20/04/2024 - 27/04/2024,20/04/24 (Sabado): 08h30 às 12h30 até 20/04/24 (Sabado): 13h30 às 17h30,25/01/2024 - 19/04/2024,,,"Possibilitar ao participante desenvolver painéis de indicadores no Excel, criando ambientes diferenciados e dinâmicos para observação de indicadores, utilizando os recursos do aplicativo Microsoft Office Excel VBA.",,Conhecimento mínimo de Excel Intermediário.,,,,"Campus Unisinos - São Leopoldo
Av. Unisinos, 950 - Cristo Rei, São Leopoldo - RS
Sala: C08 100K",Não encontrado,Não encontrado
https://unisinos.br/lab/cursos/implementacao-curricular-da-graduacao-2024-1-a-sala-de-aula-expandida-ex921239-00001-1505,Cursos de Extensão,Implementação Curricular da Graduação 2024/1 – A Sala de Aula Expandida ,Escola,Humanidades,16h30 minutos,03/04/2024 - 19/04/2024,03/04/24 (Quarta-feira): 17h00 às 19h00 até 04/04/24 (Quinta-feira): 17h00 às 19h00,03/04/2024 - 19/04/2024,Gratuito,"Com a implementação dos novos currículos e as novas demandas, convidamos os professores/as para participar desse momento de imersão para seguirmos trabalhando em conjunto em nossa jornada pedagógica.",,,,,Formação Docente,GDE e DGRAD,Campus São Leopoldo \ Microsoft Teams,Não encontrado,Não encontrado
https://unisinos.br/lab/cursos/current-events-ex125146-00002-1505,Cursos de Extensão,Current events,Escola,Indústria Criativa,13h30 minutos,17/04/2024 - 26/06/2024,17/04/24 (Quarta-feira): 18h00 às 19h15 até 24/04/24 (Quarta-feira): 18h00 às 19h15,11/04/2024 - 24/04/2024,Gratuito,"Os participantes terão a oportunidade de discutir eventos atuais e culturais em nível global e aprimorar seus conhecimentos em língua inglesa por meio de interações com uma English Teaching Assistant (ETA) americana, bolsista do Programa Fulbright, e com colegas da Unisinos. Os participantes deverão ter conhecimentos básicos / pré-intermediários de língua inglesa.","O curso busca oportunizar aos alunos a discussão de eventos atuais e culturais em nível global e reflexão sobre os impactos desses eventos na sociedade atual, assim como aprimorar seus conhecimentos em língua inglesa com uma English Teaching Assistant (ETA) americana, bolsista do Programa Fulbright, e com colegas da Unisinos.",,,,,Fulbright,A02 213B,Não encontrado,Não encontrado
https://unisinos.br/lab/cursos/lab-empreendedor-programa-de-desenvolvimento-de-ideias-e-de-projetos-com-a-finalidade-de-estimular-sua-transformacao-em-negocios-reais-15a-edicao-2024-1-ex125334-00001-1505,Cursos de Extensão,Lab Empreendedor - Programa de desenvolvimento de ideias e de projetos com a finalidade de estimular sua transformação em negócios reais. (15a Edição 2024-1),Gestão e Negócios,Não especificada,34 horas,07/05/2024 - 01/10/2024,,01/04/2024 - 28/04/2024,Gratuito,,,,Não há,,,,Não encontrado,Não encontrado,Não encontrado
https://unisinos.br/lab/cursos/educacao-bilingue-e-curriculo-integrado-unisinos-moodle-ex921231-00001-1505,Cursos de Extensão,Educação Bilíngue e Currículo Integrado - UNISINOS MOODLE,Indústria Criativa,Não especificada,120 horas,02/05/2024 - 05/12/2024,06/06/24 (Quinta-feira): 19h00 às 22h00 até 22/08/24 (Quinta-feira): 19h00 às 22h00,19/02/2024 - 02/05/2024,,"O curso Educação Bilíngue e Currículo Integrado visa a desenvolver competências para o desenho e a implementação de currículos bilíngues integrados na educação básica. Essas competências desdobram-se em competências de compreender os diferentes cenários educacionais nos quais o currículo deve ser desenvolvido, planejar aulas e projetos educacionais que articulem conteúdo e língua, desenvolver planos de ensino e refletir sobre o processo de avaliação.",,,,,,,Moodle,Não encontrado,Não encontrado
https://unisinos.br/lab/cursos/preparacao-para-entrevista-de-emprego-ex920102-00002-1505,Cursos de Extensão,Preparação para Entrevista de Emprego,Escola,Gestão e Negócios,1h30 minutos,06/05/2024 - 06/05/2024,,02/04/2024 - 06/05/2024,Gratuito,"A oficina Preparação para Entrevista de Emprego tem o propósito de preparar os alunos para processos de seleção, ampliando as possibilidades de inserção, recolocação e/ou desenvolvimento de carreira. ",,,"Ser aluno da Unisinos, de todos os cursos (Graduação).",,,,Plataforma Teams,Não encontrado,Não encontrado
https://unisinos.br/lab/cursos/elaboracao-de-curriculo-ex921206-00002-1505,Cursos de Extensão,Elaboração de Currículo,Escola,Gestão e Negócios,1h30 minutos,08/05/2024 - 08/05/2024,,21/03/2024 - 08/05/2024,Gratuito,"O propósito do curso Elaboração de Currículo é capacitar os alunos para a elaboração de um currículo atrativo que valorize a sua trajetória, ampliando as possibilidades de inserção, recolocação e/ou desenvolvimento de carreira. ",,"Apresentação dos elementos necessários para a elaboração do currículo, incluindo aspectos relevantes para a valorização da trajetória do aluno; Revisão do currículo construído pelo aluno, a fim de realizar determinados ajustes","Ser aluno da Unisinos, de todos os cursos (Graduação)",,,,Não encontrado,Não encontrado,Não encontrado
https://unisinos.br/lab/cursos/inteligencia-artificial-sem-medo-na-sua-empresa-ex125325-00001-1505,Cursos de Extensão,Inteligência Artificial sem Medo na sua Empresa,Escola,Gestão e Negócios,20 horas,15/05/2024 - 12/06/2024,15/05/24 (Quarta-feira): 18h30 às 22h30 até 22/05/24 (Quarta-feira): 18h30 às 22h30,14/03/2024 - 10/05/2024,,"Você está vivendo na era da inteligência artificial (IA). Nestes tempos, desenvolver-se para liderar times jovens e tradicionais é um desafio. Requer muitas habilidades. O que fazer, então? Seja um líder que quer desenvolver o seu time na direção certa.",Desenvolver um mindset de liderança e tomada de decisões com a prática de ferramentas de inteligência artificial generativas.,,Conhecimento prévio das bases da gestão empresarial serão bem-vindos.,,,,"Campus Unisinos - Porto Alegre - Av. Dr. Nilo Peçanha, 1600 - Boa Vista, Porto Alegre - RS
Sala: A definir",Não encontrado,Não encontrado
https://unisinos.br/lab/cursos/introducao-a-jurimetria-inteligencia-artificial-aplicada-ao-direito-ex125120-00005-1505,Cursos de Extensão,Introdução à Jurimetria: Inteligência Artificial Aplicada ao Direito,Direito,Não especificada,8 horas,16/05/2024 - 17/05/2024,16/05/24 (Quinta-feira): 18h30 às 22h30 até 17/05/24 (Sexta-feira): 18h30 às 22h30,31/01/2024 - 13/05/2024,,,Capacitar o profissional do Direito no uso do raciocínio quantitativo e na aplicação dos conceitos da Estatística para a análise de questões jurídicas na sua prática profissional.,,,,,,"Campus Unisinos - Porto Alegre - Av. Dr. Nilo Peçanha, 1600 - Boa Vista, Porto Alegre - RS
Sala: A definir

Plataforma para aulas on-line: Microsoft Teams (https://www.microsoft.com/pt-br/microsoft-teams/free)
Plataforma para acesso aos cursos: Moodle (www.moodle.unisinos.br)
Para acessar o Moodle, informar seu usuário seguido de @edu.unisinos.br e a sua senha (mesma da Unisinos LAB).
Para alterar ou recuperar a senha, acessar o portal Minha Unisinos (www.minha.unisinos.br), e selecionar a",Não encontrado,Não encontrado
https://unisinos.br/lab/cursos/formacao-em-instrutor-de-transito-ex121699-00015-1505,Cursos de Extensão,Formação em Instrutor de Trânsito,Humanidades,Não especificada,180 horas,27/05/2024 - 15/07/2024,,15/02/2024 - 15/05/2024,,,,,,,,,"Aulas síncronas (online): Plataforma Moodle e Teams
Aulas práticas presenciais no Campus de São Leopoldo - Estacionamento a definir
",Não encontrado,Não encontrado
https://unisinos.br/lab/cursos/business-partner-em-rh-um-agente-de-transformacao-ex124794-00005-1505,Cursos de Extensão,Business Partner em RH –  Um Agente de Transformação!,Gestão e Negócios,Não especificada,16 horas,20/05/2024 - 28/05/2024,20/05/24 (Segunda-feira): 18h30 às 22h30 até 21/05/24 (Terca-feira): 18h30 às 22h30,01/02/2024 - 15/05/2024,,,,,Não há.,,,,"Campus Unisinos - Porto Alegre
Av. Dr. Nilo Peçanha, 1600 - Boa Vista, Porto Alegre - RS
Sala: a definir",Não encontrado,Não encontrado
https://unisinos.br/lab/cursos/power-bi-ex124462-00012-1505,Cursos de Extensão,Power BI,Politécnica,Não especificada,16 horas,18/05/2024 - 25/05/2024,18/05/24 (Sabado): 08h30 às 12h30 até 18/05/24 (Sabado): 13h30 às 17h30,25/01/2024 - 17/05/2024,,,"Apresentar o ecossistema do Power BI (desktop, gateway e online) com ênfase no Power BI Desktop. A partir dessa ferramenta é possível a conexão às mais variadas fontes de dados (arquivos texto, planilhas, bancos de dados, páginas web, etc.), a limpeza e organização dessas informações e a criação de relatórios e dashboards interativos que mudarão a forma como você vê suas informações.",,"Conhecimentos intermediários no Microsoft Excel a partir da versão 2010 (principalmente tabelas, gráficos e fórmulas). Curiosidade em obter e explorar informações.",,,,"Campus Unisinos - São Leopoldo
Av. Unisinos, 950 - Cristo Rei, São Leopoldo - RS
Sala: C08 100M",Não encontrado,Não encontrado
https://unisinos.br/lab/cursos/ebulicao-global-o-novo-regime-climatico-e-seus-desafios-psicossocioambientais-no-brasil-ex921226-00001-1505,Cursos de Extensão,Ebulição global. O Novo Regime Climático e seus desafios psicossocioambientais no Brasil,Humanidades,Não especificada,7h30 minutos,09/04/2024 - 23/05/2024,09/04/24 (Terca-feira): 19h30 às 21h00 até 07/05/24 (Terca-feira): 19h30 às 21h00,22/12/2023 - 23/05/2024,Evento gratuito,"O Novo Regime Climático é uma realidade irreversível, trazendo a necessidade de reconfigurar o eixo das decisões tecnopolíticas e sociais do século XXI. Afeta questões psicossociais até a reprodução das cidades, os modos de produção e consumo, entre outros. O evento proposto tem como tema e objetivo compreender de maneira transdisciplinar os efeitos psicossociais e materiais do Novo Regime Climático na antroposfera e biosfera, apontando alternativas para áreas direta e indiretamente afetadas, especialmente para o contexto brasileiro. O problema a ser pensado diz respeito a como podemos habitar o Planeta e, mais especificamente o Brasil, diante do Novo Regime Climático, com suas catástrofes e com significativas mudanças climáticas. Como hipótese, tem-se a perspectiva de que somente compreendendo seus impactos em nível macro, mas também seus impactos micro, na dimensão dos indivíduos, é que alternativas poderão ser pensadas. Neste sentido, a perspectiva transdisciplinar é afirmada e o evento irá realizar proposições para o fazer urbanístico, sociocultural, econômico, entre outros, no contexto brasileiro. Metodologicamente, conta-se com o espaço de conferências, nas quais buscar-se-á mapear possibilidades e limites dos modos de existência no Novo Regime Climático; analisar os efeitos psicossociais dos desastres socioambientais; refletir sobre a formação, conflitos e limites das cidades; compreender os efeitos da mutação climática nos sistemas agrícolas; projetar possibilidades políticas e econômicas no contexto da emergência climática; e, sobretudo, socializar projetos tecnopolíticos que relacionam o desenvolvimento nacional com vistas à sustentabilidade ambiental e o desenvolvimento social. Acredita-se que o diálogo inter/transdisciplinar entre Sociologia, Psicologia, Planejamento Territorial, Economia e Política auxiliará na compreensão e proposições, permitindo apontar alternativas possíveis de adaptação e preservação do ecúmeno e da biodiversidade.",,Acesse aqui a programação,,,,,"O evento é aberto ao público para assistir na Página inicial IHU (ihu.unisinos.br), YouTube, Facebook e Twitter. Não é necessária inscrição para acompanhar a transmissão.",Não encontrado,Não encontrado
https://unisinos.br/lab/cursos/gestao-da-escola-e-da-sala-de-aula-o-professor-como-gestor-da-sala-de-aula-ex125340-00001-1505,Cursos de Extensão,Gestão da Escola e da Sala de Aula - O Professor como Gestor da Sala de Aula,Escola,Humanidades,20 horas,03/06/2024 - 07/06/2024,03/06/24 (Segunda-feira): 18h30 às 22h30 até 04/06/24 (Terca-feira): 18h30 às 22h30,09/04/2024 - 28/05/2024,,,, - O professor como gestor da sala de aula.,,,,,"Plataforma para aulas on-line: Microsoft Teams (https://www.microsoft.com/pt-br/microsoft-teams/free)
Plataforma para acesso aos cursos: Moodle (www.moodle.unisinos.br)
Para acessar o Moodle, informar seu usuário seguido de @edu.unisinos.br e a sua senha (mesma da Unisinos LAB).
Para alterar ou recuperar a senha, acessar o portal Minha Unisinos (www.minha.unisinos.br), e selecionar a opção ""Esqueceu a senha?"".
Contato para dúvidas: secretariacurta@unisinos.br",Não encontrado,Não encontrado
https://unisinos.br/lab/cursos/compliance-implementacao-gestao-e-desenvolvimento-ex124080-00007-1505,Cursos de Extensão,"COMPLIANCE: Implementação, Gestão e Desenvolvimento",Direito,Não especificada,24 horas,04/06/2024 - 19/06/2024,04/06/24 (Terca-feira): 19h30 às 22h30 até 05/06/24 (Quarta-feira): 19h30 às 22h30,19/01/2024 - 31/05/2024,,,"Propagar as melhores práticas e capacitar profissionais capacitados a implementar, gerir e desenvolver programas de compliance eficazes.",,Não há.,,,,"Campus Unisinos - Porto Alegre
Av. Dr. Nilo Peçanha, 1600 - Boa Vista, Porto Alegre - RS
Sala: a definir",Não encontrado,Não encontrado
https://unisinos.br/lab/cursos/o-pensamento-de-sandor-ferenczi-ex125326-00001-1505,Cursos de Extensão,O Pensamento de Sándor Ferenczi,Escola,Saúde,12 horas,08/06/2024 - 29/06/2024,08/06/24 (Sabado): 08h30 às 11h30 até 15/06/24 (Sabado): 08h30 às 11h30,26/03/2024 - 05/06/2024,,,"Oportunizar um espaço de estudos sobre a psicanálise, a obra de Sándor Ferenczi e a clínica psicanalítica contemporânea. ",,,,,,"Plataforma para aulas on-line: Microsoft Teams (https://www.microsoft.com/pt-br/microsoft-teams/free)
Plataforma para acesso aos cursos: Moodle (www.moodle.unisinos.br)
Para acessar o Moodle, informar seu usuário seguido de @edu.unisinos.br e a sua senha (mesma da Unisinos LAB).
Para alterar ou recuperar a senha, acessar o portal Minha Unisinos (www.minha.unisinos.br), e selecionar a opção ""Esqueceu a senha?"".
Contato para dúvidas: secretariacurta@unisinos.br",Não encontrado,Não encontrado
https://unisinos.br/lab/cursos/gestao-da-escola-e-da-sala-de-aula-acoes-de-gestao-no-uso-de-dados-e-indicadores-ex125339-00001-1505,Cursos de Extensão,Gestão da Escola e da Sala de Aula - Ações de Gestão no Uso de Dados e Indicadores,Escola,Humanidades,20 horas,24/06/2024 - 28/06/2024,24/06/24 (Segunda-feira): 18h30 às 22h30 até 25/06/24 (Terca-feira): 18h30 às 22h30,09/04/2024 - 19/06/2024,,,,- Ações de gestão no uso de dados e indicadores.,,,,,"Plataforma para aulas on-line: Microsoft Teams (https://www.microsoft.com/pt-br/microsoft-teams/free)
Plataforma para acesso aos cursos: Moodle (www.moodle.unisinos.br)
Para acessar o Moodle, informar seu usuário seguido de @edu.unisinos.br e a sua senha (mesma da Unisinos LAB).
Para alterar ou recuperar a senha, acessar o portal Minha Unisinos (www.minha.unisinos.br), e selecionar a opção ""Esqueceu a senha?"".
Contato para dúvidas: secretariacurta@unisinos.br",Não encontrado,Não encontrado
https://unisinos.br/lab/cursos/lideranca-criativa-ex125301-00001-1505,Cursos de Extensão,Liderança Criativa,Gestão e Negócios,Não especificada,9 horas,15/07/2024 - 17/07/2024,15/07/24 (Segunda-feira): 19h00 às 22h00 até 16/07/24 (Terca-feira): 19h00 às 22h00,02/02/2024 - 10/07/2024,,,"Identificar e compreender os comportamentos associados à liderança criativa, os fatores chave para gerenciar a criatividade nas equipes de trabalho e fomentar a dimensão coletiva da liderança criativa nas organizações.",,,,,,"Plataforma para aulas on-line: Microsoft Teams (https://www.microsoft.com/pt-br/microsoft-teams/free)
Plataforma para acesso aos cursos: Moodle (www.moodle.unisinos.br)
Para acessar o Moodle, informar seu usuário seguido de @edu.unisinos.br e a sua senha (mesma da Unisinos LAB).
Para alterar ou recuperar a senha, acessar o portal Minha Unisinos (www.minha.unisinos.br), e selecionar a opção ""Esqueceu a senha?"".
Contato para dúvidas: secretariacurta@unisinos.br",Não encontrado,Não encontrado
https://unisinos.br/lab/cursos/vivencia-literaria-trans-formando-leitores-as-em-tempo-de-censuras-ex125335-00001-1505,Cursos de Extensão,Vivência Literária: (Trans)formando Leitores/as em Tempo de Censuras,Escola,Humanidades,20 horas,09/08/2024 - 31/08/2024,09/08/24 (Sexta-feira): 19h30 às 22h00 até 10/08/24 (Sabado): 09h00 às 11h30,08/04/2024 - 06/08/2024,,,,,,,,,"Plataforma para aulas on-line: Microsoft Teams (https://www.microsoft.com/pt-br/microsoft-teams/free)
Plataforma para acesso aos cursos: Moodle (www.moodle.unisinos.br)
Para acessar o Moodle, informar seu usuário seguido de @edu.unisinos.br e a sua senha (mesma da Unisinos LAB).
Para alterar ou recuperar a senha, acessar o portal Minha Unisinos (www.minha.unisinos.br), e selecionar a opção ""Esqueceu a senha?"".
Contato para dúvidas: secretariacurta@unisinos.br",Não encontrado,Não encontrado
https://unisinos.br/lab/cursos/criacao-pedagogica-e-metodologia-de-projetos-ex125341-00001-1505,Cursos de Extensão,Criação Pedagógica e Metodologia de Projetos,Escola,Humanidades,20 horas,12/08/2024 - 16/08/2024,12/08/24 (Segunda-feira): 18h30 às 22h30 até 13/08/24 (Terca-feira): 18h30 às 22h30,09/04/2024 - 07/08/2024,,,,- Criação pedagógica e metodologia de projetos.,,,,,"Plataforma para aulas on-line: Microsoft Teams (https://www.microsoft.com/pt-br/microsoft-teams/free)
Plataforma para acesso aos cursos: Moodle (www.moodle.unisinos.br)
Para acessar o Moodle, informar seu usuário seguido de @edu.unisinos.br e a sua senha (mesma da Unisinos LAB).
Para alterar ou recuperar a senha, acessar o portal Minha Unisinos (www.minha.unisinos.br), e selecionar a opção ""Esqueceu a senha?"".
Contato para dúvidas: secretariacurta@unisinos.br",Não encontrado,Não encontrado
https://unisinos.br/lab/cursos/criacao-pedagogica-audiovisualidades-e-criacao-pedagogica-ex125338-00001-1505,Cursos de Extensão,Criação Pedagógica - Audiovisualidades e Criação Pedagógica,Escola,Humanidades,20 horas,02/09/2024 - 06/09/2024,02/09/24 (Segunda-feira): 18h30 às 22h30 até 03/09/24 (Terca-feira): 18h30 às 22h30,09/04/2024 - 28/08/2024,,,,- Audiovisualidades e criação pedagógica.,,,,,"Plataforma para aulas on-line: Microsoft Teams (https://www.microsoft.com/pt-br/microsoft-teams/free)
Plataforma para acesso aos cursos: Moodle (www.moodle.unisinos.br)
Para acessar o Moodle, informar seu usuário seguido de @edu.unisinos.br e a sua senha (mesma da Unisinos LAB).
Para alterar ou recuperar a senha, acessar o portal Minha Unisinos (www.minha.unisinos.br), e selecionar a opção ""Esqueceu a senha?"".
Contato para dúvidas: secretariacurta@unisinos.br",Não encontrado,Não encontrado
https://unisinos.br/lab/cursos/desenvolvimento-de-competencias-de-compreensao-oral-e-leitura-em-linguas-adicionais-ex125336-00001-1505,Cursos de Extensão,Desenvolvimento de Competências de Compreensão Oral e Leitura em Línguas Adicionais,Escola,Humanidades,20 horas,03/09/2024 - 05/11/2024,03/09/24 (Terca-feira): 19h00 às 21h00 até 10/09/24 (Terca-feira): 19h00 às 21h00,09/04/2024 - 29/08/2024,,,,,,,,,"Plataforma para aulas on-line: Microsoft Teams (https://www.microsoft.com/pt-br/microsoft-teams/free)
Plataforma para acesso aos cursos: Moodle (www.moodle.unisinos.br)
Para acessar o Moodle, informar seu usuário seguido de @edu.unisinos.br e a sua senha (mesma da Unisinos LAB).
Para alterar ou recuperar a senha, acessar o portal Minha Unisinos (www.minha.unisinos.br), e selecionar a opção ""Esqueceu a senha?"".
Contato para dúvidas: secretariacurta@unisinos.br",Não encontrado,Não encontrado
https://unisinos.br/lab/cursos/a-importancia-dos-bordados-manuais-para-a-moda-ex125300-00001-1505,Cursos de Extensão,A Importância dos Bordados Manuais para a Moda,Indústria Criativa,Não especificada,22h30 minutos,03/09/2024 - 08/10/2024,03/09/24 (Terca-feira): 19h30 às 22h00 até 05/09/24 (Quinta-feira): 19h30 às 22h00,26/01/2024 - 30/08/2024,,,"O principal objetivo desse curso é ensinar as técnicas de bordados manuais, desenvolvendo as habilidades manuais dos alunos, deixando viva a arte do bordado e levando adiante essa ferramenta que embeleza onde é inserida. Para assim proporcionar novas ferramentas que podem ser utilizadas dentro das coleções de moda. Com isso, no final do curso os alunos vão saber criar e desenvolver bordados manuais.",,,,,,"Campus Unisinos - Porto Alegre
Av. Dr. Nilo Peçanha, 1600 - Boa Vista, Porto Alegre - RS
Sala: a definir",Não encontrado,Não encontrado
https://unisinos.br/lab/cursos/construindo-escolas-acolhedoras-a-insercao-de-migrantes-na-educacao-basica-ex125337-00001-1505,Cursos de Extensão,Construindo Escolas Acolhedoras: A Inserção de Migrantes na Educação Básica,Humanidades,Não especificada,20 horas,05/09/2024 - 17/10/2024,05/09/24 (Quinta-feira): 19h00 às 22h00 até 12/09/24 (Quinta-feira): 19h00 às 22h00,09/04/2024 - 02/09/2024,,,,,,,,,"Plataforma para aulas on-line: Microsoft Teams (https://www.microsoft.com/pt-br/microsoft-teams/free)
Plataforma para acesso aos cursos: Moodle (www.moodle.unisinos.br)
Para acessar o Moodle, informar seu usuário seguido de @edu.unisinos.br e a sua senha (mesma da Unisinos LAB).
Para alterar ou recuperar a senha, acessar o portal Minha Unisinos (www.minha.unisinos.br), e selecionar a opção ""Esqueceu a senha?"".
Contato para dúvidas: secretariacurta@unisinos.br",Não encontrado,Não encontrado
https://unisinos.br/lab/cursos/workshop-atuacao-da-fisioterapia-na-obstetricia-ev000450-00001-2023,Eventos,Workshop Atuação da Fisioterapia na Obstetrícia,Saúde,Não especificada,3 horas,09/11/2023 - 09/11/2023,Início: 09/11/2023 (Quinta-feira) às 18h30 até Fim: 09/11/2023 (Quinta-feira) às 21h30,01/11/2023 - 09/11/2023,Gratuito,,,Acesse aqui a programação,Não há.,Jamile Maluf Bosner,Universidade do Vale do Rio dos Sinos - Unisinos,Não há.,Presencial,Não encontrado,Não encontrado
https://unisinos.br/lab/cursos/workshop-de-sutura-ev000367-00001-2023,Eventos,Workshop de Sutura,Saúde,Não especificada,3 horas,02/12/2023 - 02/12/2023,Início: 02/12/2023 (Sábado) às 09h00 até Fim: 02/12/2023 (Sábado) às 12h00,23/11/2023 - 02/12/2023,Gratuito,Oficina ministrada pelo Dr. Edson Depieri,"Apresentar os conceitos básicos da prática de sutura, bem como proporcionar aos participantes a oportunidade de desenvolver suas habilidades.",Acesse aqui a programação,Ser aluno das Ligas Acadêmicas da Unisinos.,Edson Depieri,Universidade do Vale do Rio dos Sinos - Unisinos,Não informado.,Presencial,Não encontrado,Não encontrado
https://unisinos.br/lab/cursos/bate-papo-com-profissionais-e-residentes-de-ginecologia-e-obstetricia-ev000490-00001-2024,Eventos,Bate-papo com Profissionais e Residentes de Ginecologia e Obstetrícia,Escola,Saúde,3 horas,15/04/2024 - 15/04/2024,Início: 15/04/2024 (Segunda-Feira) às 19h00 até Fim: 15/04/2024 (Segunda-Feira) às 22h00,14/04/2024 - 15/04/2024,Gratuito,"A residência e a formação de Ginecologia e Obstetrícia é um período em que demanda do médico dedicação e envolvimento na área, com isso, o bate-papo com residentes e profissionais de Ginecologia e Obstetrícia é uma forma de ampliar, promover e desmistificar os conhecimentos a respeito desse âmbito de atuação. Nessa perspectiva, a LAGO UNISINOS convida a todos os ligantes para participarem da roda de conversa com a Dra. Daiane Gottlieb,  Dra. Carla Milan, Dra. Vanessa Trindade, ginecologistas e Dra. Bruna Rossi, Dra. Taismara Riboriski e Dra. Débora Eizerick, residentes de ginecologia e obstetrícia.","O evento “Bate-papo com profissionais e residentes de Ginecologia e Obstetrícia”, proporcionado pela LAGO UNISINOS, tem como objetivo desmistificar e aprofundar os conhecimentos dos alunos a respeito da residência em Ginecologia e Obstetrícia e das possíveis áreas de atuação profissional, bem como conhecer as rotinas e o seus cotidianos.",Acesse aqui a programação,Alunos da liga LAGO,,,Não há.,Presencial,Não encontrado,Não encontrado
https://unisinos.br/lab/cursos/aula-pratica-dosagem-e-administracao-de-medicamentos-ev000531-00001-2024,Eventos,Aula Prática: Dosagem e Administração de Medicamentos,Escola,Saúde,3 horas,16/04/2024 - 16/04/2024,Início: 16/04/2024 (Terça-feira) às 18h30 até Fim: 16/04/2024 (Terça-feira) às 21h30,14/04/2024 - 16/04/2024,Gratuito,"Palestra da Liga Acadêmica de Anestesiologia (LIANES) sobre “Dosagem e Administração de Medicamentos”, abordando raciocínio sobre esses tópicos e habilidades necessárias para a atuação.","Proporcionar conhecimento sobre a dosagem e a administração de medicamentos, desenvolver raciocínio clínico e  estimular o aprendizado necessário para a atuação médica.",Acesse aqui a programação,Não há.,,Universidade do Vale do Rio dos Sinos - Unisinos,Não há.,Presencial,Não encontrado,Não encontrado
https://unisinos.br/lab/cursos/seminario-do-ppg-em-biologia-unisinos-ev000527-00001-2024,Eventos,Seminário do PPG em Biologia/UNISINOS,Escola,Politécnica,1h30 minutos,17/04/2024 - 17/04/2024,Início: 17/04/2024 (Quarta-feira) às 12h30 até Fim: 17/04/2024 (Quarta-feira) às 14h00,14/04/2024 - 17/04/2024,Gratuito,"Uma das características marcantes do espaço universitário é sua dinamicidade, tanto nas interações entre os elementos que a constituem como na gama de atividades envolvidas. É com o intuito de aproximar nossos pós-graduandos de uma vivência plena do ambiente Universitário que surge a proposta dos Seminários do PPG-Biologia/UNISINOS, oferecendo um espaço para discussão de temas de interesse direto à Pesquisa e Pós-Graduação.","Oferecer uma visão mais ampla do que é a pós-graduação aos pós-graduandos; criar um espaço de inovação, seja pela apresentação à novos conceitos ou pela elaboração de novas abordagens para a resolução de questões técnicas e/ou administrativas; exercitar habilidades intrínsecas à prática científica, principalmente aquelas relativas à comunicação científica.",Acesse aqui a programação,Não há.,Tiago Ferraz da Silva,,Não há.,Online,Não encontrado,Não encontrado
https://unisinos.br/lab/cursos/declaracao-de-imposto-de-renda-pessoa-fisica-2024-ev000526-00001-2024,Eventos,Declaração de Imposto de Renda Pessoa Física 2024,Escola,Gestão e Negócios,2h30 minutos,17/04/2024 - 17/04/2024,Início: 17/04/2024 (Quarta-feira) às 19h30 até Fim: 17/04/2024 (Quarta-feira) às 22h00,14/04/2024 - 17/04/2024,Gratuito,"A palestra será ministrada pelo Auditor Fiscal e Delegado da Receita Federal de Novo Hamburgo Eduardo Godoy Corrêa, abordará as novidades sobre a DIRPF 2024.",,Acesse aqui a programação,Não há.,,Universidade do Vale do Rio dos Sinos - Unisinos,,Híbrido,Não encontrado,Não encontrado
https://unisinos.br/lab/cursos/palestra-suicidio-da-identificacao-ao-manejo-ev000515-00001-2024,Eventos,Palestra: Suicídio: Da Identificação ao Manejo,Escola,Saúde,2 horas,18/04/2024 - 18/04/2024,Início: 18/04/2024 (Quinta-feira) às 19h00 até Fim: 18/04/2024 (Quinta-feira) às 21h00,14/04/2024 - 18/04/2024,Gratuito,"Palestra com a psicóloga, mestre, doutoranda do PPGPSIQ-UFRGS e membro do grupo de pesquisa Artificial Intelligence in Neuroscience (ALliaNCE), Kyara Rodrigues de Aguiar, sobre “Suicídio: da identificação ao manejo”, no dia 18 de abril, às 19 horas, na Unisinos Porto Alegre.","Será abordada a temática “Suicídio: da identificação ao manejo”. O suicídio é uma das maiores causas de morte no mundo, atingindo um lugar alto no ranking de mortes no Rio Grande do Sul. Sendo assim, o evento visa discutir a importância de que os estudantes e participantes aprendam a identificar casos de risco de suicídio e possam junto do paciente, encontrar alternativas saudáveis e duradouras para evitar esse ato tão marcante na vida de todos.",Acesse aqui a programação,Não há.,Kyara Rodrigues de Aguiar,Universidade do Vale do Rio dos Sinos - Unisinos,Não há.,Presencial,Não encontrado,Não encontrado
https://unisinos.br/lab/cursos/comunicando-para-cuidar-tecendo-lacos-e-transformando-vidas-atraves-das-palavras-ev000511-00001-2024,Eventos,Comunicando para Cuidar: tecendo laços e transformando vidas através das PALAVRAS,Escola,Saúde,3 horas,18/04/2024 - 18/04/2024,Início: 18/04/2024 (Quinta-feira) às 19h00 até Fim: 18/04/2024 (Quinta-feira) às 22h00,14/04/2024 - 18/04/2024,Gratuito,,,Acesse aqui a programação,Não há.,,,Não há.,Presencial,Não encontrado,Não encontrado
https://unisinos.br/lab/cursos/workshop-do-curso-de-moda-2024-01-ev000530-00001-2024,Eventos,Workshop do Curso de Moda – 2024/01,Escola,Indústria Criativa,40 horas,15/04/2024 - 19/04/2024,Início: 15/04/2024 (Segunda-Feira) às 19h30 até Fim: 19/04/2024 (Sexta-feira) às 22h00,14/04/2024 - 19/04/2024,Gratuito,"Workshop semestral em que os alunos do Curso de Moda recebem briefing de um cliente e, divididos em grupos, passam a semana inteira resolvendo-o.",Proporcionar integração entre alunos do curso de Moda e mercado de trabalho.,Acesse aqui a programação,Não há.,,Universidade do Vale do Rio dos Sinos - Unisinos,Não há.,Presencial,Não encontrado,Não encontrado
https://unisinos.br/lab/cursos/papo-foodtech-oportunidades-e-desafios-ev000505-00001-2024,Eventos,Papo Foodtech: Oportunidades e Desafios,Escola,Saúde,3 horas,22/04/2024 - 22/04/2024,Início: 22/04/2024 (Segunda-Feira) às 15h00 até Fim: 22/04/2024 (Segunda-Feira) às 18h00,14/04/2024 - 22/04/2024,Gratuito,"O evento vai reunir em um único momento de troca de experiências e discussões, os resultados da pesquisa de mapeamento do ecossistema foodtech e das foodtechs gaúchas (realizada pelo itt Nutrifor/Unisinos), cases de sucesso das foodtechs gaúchas, investidores e representantes de parques tecnológicos, Sebrae e Secretaria de Inovação Ciência e Tecnologia do RS para discutir e apresentar direcionamentos e ações de fomento as foodtechs do RS.",,Acesse aqui a programação,Não há.,Valmor Ziegler,,,Presencial,Não encontrado,Não encontrado
https://unisinos.br/lab/cursos/seminario-internacional-conhecendo-a-carta-de-direitos-fundamentais-da-uniao-europeia-modulo-jean-monnet-ev000525-00001-2024,Eventos,Seminário Internacional “Conhecendo a Carta de Direitos Fundamentais da União Europeia” (Módulo Jean Monnet),Direito,Não especificada,12 horas,22/04/2024 - 23/04/2024,Início: 22/04/2024 (Segunda-Feira) às 09h30 até Fim: 23/04/2024 (Terça-feira) às 21h30,14/04/2024 - 23/04/2024,Gratuito,,"A participação no Seminário permitirá ao público alvo desenvolver conhecimentos e habilidades vinculadas à Carta de Direitos Fundamentais da União Europeia, de forma a reconhecer suas previsões, bem como o seu alcance. Igualmente, fomentará o debate em torno à formação e implementação da Carta no bloco europeu, especialmente em matéria de direitos do trabalhador migrante, proteção ao consumidor, proteção de dados pessoais e ações para o exercício da cidadania, de modo a brindar insumos para a análise futura das contribuições deste instrumento para a consolidação do Estatuto da Cidadania do MERCOSUL.",Acesse aqui a programação,Não há.,,,ERASMUS +,Híbrido,Não encontrado,Não encontrado
https://unisinos.br/lab/cursos/ihu-ideias-abril-2024-ex921236-00001-1505,Eventos,IHU Ideias Abril - 2024,Humanidades,Não especificada,6 horas,04/04/2024 - 25/04/2024,04/04/24 (Quinta-feira): 17h30 às 19h00 até 11/04/24 (Quinta-feira): 17h30 às 19h00,04/04/2024 - 25/04/2024,Evento gratuito,"A atividade IHU ideias é um espaço de discussão, análise e avaliação de questões que se constituem em grandes desafios de nossa época. Busca fazê-lo no âmbito do debate cultural, tendo como parâmetro o humanismo social cristão.",,Acesse aqui a programação,,,,, YouTube e Facebook. Não é necessária inscrição para acompanhar a transmissão.,Não encontrado,Não encontrado
https://unisinos.br/lab/cursos/abordagens-psicologicas-para-alem-das-abordagens-tradicionais-ev000532-00001-2024,Eventos,Abordagens Psicológicas: Para Além das Abordagens Tradicionais,Escola,Saúde,1 hora,29/04/2024 - 29/04/2024,Início: 29/04/2024 (Segunda-Feira) às 18h15 até Fim: 29/04/2024 (Segunda-Feira) às 19h15,14/04/2024 - 29/04/2024,Gratuito,"A Liga Acadêmica de Psicologia Clínica da Unisinos (LAPSIC) promove a palestra: Abordagens psicológicas: Para além das abordagens tradicionais, com a Profª. Dra. Priscila G. Brust Renck.","Além das abordagens psicológicas tradicionais, existem várias outras perspectivas que ampliam e complementam nossa compreensão e entendimento. A palestra tem por objetivo apresentar abordagens menos tradicionais, mas não menos importantes, utilizadas na psicologia.",Acesse aqui a programação,Não há.,Priscila G. Brust Renck,,Não há.,Online,Não encontrado,Não encontrado
https://unisinos.br/lab/cursos/viii-congresso-internacional-de-educacao-da-unisinos-ev000497-00001-2024,Eventos,VIII Congresso Internacional de Educação da Unisinos,Escola,Humanidades,7h30 minutos,05/04/2024 - 05/04/2024,Início: 05/04/2024 (Sexta-feira) às 08h00 até Fim: 05/04/2024 (Sexta-feira) às 19h00,14/04/2024 - 04/05/2024,Gratuito,,"Sistematizar e discutir os principais desafios do conhecimento em diferentes setores sociais, compreendendo as responsabilidades frente às demandas sociais e construindo possibilidades advindas do campo da educação e da universidade como mecanismos de acolhimento e de respostas às situações que se vinculam às temáticas da cidadania global, desigualdades sociais e educacionais, digitalidade, cidades educadoras, diversidade e inclusão e desafios educacionais reforçados pelo pós-pandemia.",Acesse aqui a programação,Não há.,,,Não há.,Presencial,Não encontrado,Não encontrado
https://unisinos.br/lab/cursos/linkedin-uma-ferramenta-que-pode-impulsionar-a-sua-carreira-ex921207-00002-1505,Eventos,LinkedIn – uma ferramenta que pode impulsionar a sua carreira,Escola,Gestão e Negócios,1h30 minutos,07/05/2024 - 07/05/2024,,02/04/2024 - 07/05/2024,Gratuito,"O Linkedin tornou-se uma ferramenta muito útil na busca de emprego. Saber aproveitar melhor esse recurso, deixando o perfil on-line mais atrativo e melhorando as conexões na rede, amplia as suas oportunidades.  ",Orientar o aluno para o desenvolvimento de um perfil no LinkedIn que evidencie sua trajetória e amplie suas oportunidades de empregabilidade. ,,"Ser aluno da Unisinos, de todos os cursos de Graduação.",,,,Plataforma Teams,Não encontrado,Não encontrado
https://unisinos.br/lab/cursos/tccendo-ev000486-00001-2024,Eventos,TCCendo,Humanidades,Não especificada,7h30 minutos,27/03/2024 - 08/05/2024,Início: 27/03/2024 (Quarta-feira) às 18h00 até Fim: 08/05/2024 (Quarta-feira) às 19h15,14/04/2024 - 08/05/2024,Gratuito,"O TCCendo surgiu a partir do entendimento de que o aluno no processo de finalização do curso de graduação pode apresentar dificuldades em virtude das exigências dessa etapa de sua formação e possível conflito em se passar de estudante para profissional do mercado de trabalho. Acredita-se que a sistematização de um atendimento de orientação e acompanhamento de grupos de alunos em situação que possam causar estresse, matriculados no Trabalho de Conclusão se justifica pelo comprometimento desta instituição com a formação integral da pessoa humana.","Proporcionar e desenvolver momentos de reflexão aos participantes, assim favorecendo o autoconhecimento e o entendimento de dificuldades no âmbito da trajetória de elaboração do Trabalho de Conclusão de Curso que podem estar gerando a situação de estresse.",Acesse aqui a programação,Não há.,,,Não há.,Online,Não encontrado,Não encontrado
https://unisinos.br/lab/cursos/america-latina-em-tempos-de-penumbra-incertezas-e-possiveis-rotas-ex921224-00001-1505,Eventos,América Latina em tempos de penumbra. Incertezas e possíveis rotas,Humanidades,Não especificada,13h30 minutos,27/03/2024 - 28/05/2024,27/03/24 (Quarta-feira): 10h30 às 11h30 até 03/04/24 (Quarta-feira): 10h00 às 11h30,18/12/2023 - 28/05/2024,Evento gratuito,"Em meio a um contexto global que reúne crise socioambiental e novas configurações geopolíticas, a América Latina se encontra em uma encruzilhada com velhos e novos desafios. De um lado, a região precisa lidar com a chaga contínua da desigualdade social,  as consequências de uma pandemia global que durou mais de três anos, com as implicações da Guerra da Ucrânia, com o retorno da fome,  com o fenômeno das migrações em massa, com a ascensão de governos extremistas,  e com o crescente avanço de setores extrativistas sobre populações e biomas inteiros. O Ciclo de Estudos América Latina em tempos de penumbra. Incertezas e possíveis rotas busca analisar de forma transdisciplinar e transversal o panorama de crises da América Latina, suas consequências, desafios e possibilidades, tendo como focos a democracia, a redução das desigualdades e um desenvolvimento economicamente viável, socialmente justo e ambientalmente correto.",,Acesse aqui a programação,,,,,Não encontrado,Não encontrado,Não encontrado
https://unisinos.br/lab/cursos/oficina-de-sutura-ev000512-00001-2024,Eventos,Oficina de Sutura,Escola,Saúde,3 horas,08/06/2024 - 08/06/2024,Início: 08/06/2024 (Sábado) às 09h00 até Fim: 08/06/2024 (Sábado) às 12h00,14/04/2024 - 08/06/2024,Gratuito,"Oficina de sutura ministrada pelo Dr. Daniel Azambuja, especialista em cirurgia colorretal, laparoscópica e robótica.","Apresentar os conceitos básicos da prática de sutura, bem como proporcionar aos participantes a oportunidade de desenvolver suas habilidades.",Acesse aqui a programação,Não há.,Dr. Daniel Azambuja,Universidade do Vale do Rio dos Sinos - Unisinos,Não há.,Presencial,Não encontrado,Não encontrado
https://unisinos.br/lab/cursos/a-fenomenologia-do-espirito-de-hegel-leitura-e-analise-ev000484-00001-2024,Eventos,A Fenomenologia do Espírito de Hegel - Leitura e Análise,Humanidades,Não especificada,25h30 minutos,06/03/2024 - 03/07/2024,Início: 06/03/2024 (Quarta-feira) às 15h00 até Fim: 03/07/2024 (Quarta-feira) às 16h30,14/04/2024 - 03/07/2024,Gratuito,"Seguindo os argumentos de Henrique de Lima Vaz, convidamos para participar de uma instigante leitura de um texto filosófico seminal da filosofia. Conforme o pensador, a “Fenomenologia do Espírito é uma obra, por tantos títulos original e mesmo única dentro da tradição do escrito filosófico, e que assinala em 1807 (o autor contava então 37 anos) a aparição de Hegel no primeiro plano de cena filosófica alemã. Tendo publi¬cado até então apenas artigos ou pequenos escritos mas tendo, por outro lado, amadurecido durante os anos do seu ensinamento na Universidade de lena (1801-1806) as grandes linhas do seu sistema no confronto com os grandes mestres do Idealismo alemão, sobre¬tudo Kant, Fichte e Schelling, Hegel pretende fazer da Fenomeno-logia o pórtico grandioso desse sistema que se apresenta orgulho¬samente como Sistema da Ciência. No entanto, a arquitetura e a es¬critura desse texto surpreendem. Não é uma meditação no estilo cartesiano, nem uma construção medida e rigorosa como a Crítica da Razão Pura, nem um tratado didático como a Doutrina da Ciência de Fichte. Sendo tudo isto, é sobretudo a descrição de um caminho que pode ser levado a cabo por quem chegou ao seu termo e é capaz de rememorar os passos percorridos; o próprio filóso¬fo na hora e no lugar da escritura do texto filosófico, Hegel no seu tempo e história e na lena de 1806. Esse caminho é um caminho de experiências e o fio que as une é o próprio discurso dialético que mostra a necessidade de se passar de uma estação a outra, até que o fim se alcance no desvelamento total do sentido do caminho ou na recuperação dos seus passos na articulação de um saber que o funda e justifica. Quem fala de experiência fala de sujeito e signifi¬cação, de sujeito e objeto. A intenção de Hegel na Fenomenologia é articular com o fio de um discurso científico - ou com a necessi¬dade de uma lógica - as figuras do sujeito ou da consciência que se desenham no horizonte do seu afrontamento com o mundo objetivo.” (Vaz, 2003, p. 13)",Analisar o texto da Fenomenologia do Espírito de Hegel através da leitura crítica e atenta dos seus capítulos.,Acesse aqui a programação,Não há.,Inácio Helfer,Universidade do Vale do Rio dos Sinos - Unisinos,,Online,Não encontrado,Não encontrado
https://unisinos.br/lab/cursos/ei-voce-ai-vamos-tentar-entender-o-cenario-social-e-economico-ex920080-00015-1505,MOOCs,"Ei, Você Aí! Vamos Tentar Entender o Cenário Social e Econômico?",Gestão e Negócios,Não especificada,20 horas,01/01/2024 - 21/02/2024,,31/12/2023 - 30/06/2024,Gratuito.,,Posicionar-se criticamente frente às transformações sociais contemporâneas. Compreender as relações econômico-financeiras entre os países. Articular saberes para a problematização da atual ordem econômica internacional e da inserção social do Brasil nesse contexto.,,"Para a realização deste curso o aluno precisará ter e-mail próprio e conhecimentos básicos em informática (download e upload de arquivos). É necessário, também, que ele tenha à disposição um computador com acesso à Internet, com leitor e visualizador de arquivos em PDF instalado.",,,,"Curso assíncrono e autoinstrucional.
Acessar a Plataforma Moodle (www.moodle.unisinos.br).  
Informar seu usuário seguido de @edu.unisinos.br e a sua senha (mesma do Portal Minha Unisinos). 
Caso não possua um usuário, você pode cadastrar através do link: http://autocadastro.asav.org.br/br/. 
Para alterar ou recuperar a senha, acessar o portal Minha Unisinos (www.minha.unisinos.br), ""Esqueceu a senha?"". 

Importante: O curso ficará acessível no moodle, 24h após a matrícula.

Contato para",Não encontrado,Não encontrado
https://unisinos.br/lab/cursos/introducao-a-lingua-brasileira-de-sinais-ex920081-00020-1505,MOOCs,Introdução à Língua Brasileira de Sinais,Humanidades,Não especificada,30 horas,01/01/2024 - 30/06/2024,,31/12/2023 - 30/06/2024,,,,,,,,,"Curso assíncrono e autoinstrucional.
Acessar a Plataforma Moodle (www.moodle.unisinos.br).  
Informar seu usuário seguido de @edu.unisinos.br e a sua senha (mesma do Portal Minha Unisinos). 
Caso não possua um usuário, você pode cadastrar através do link: http://autocadastro.asav.org.br/br/. 
Para alterar ou recuperar a senha, acessar o portal Minha Unisinos (www.minha.unisinos.br), ""Esqueceu a senha?"". 

Importante: O curso ficará acessível no moodle, 24h após a matrícula.

Contato para",Não encontrado,Não encontrado
https://unisinos.br/lab/cursos/entendendo-o-cenario-economico-ex920082-00013-1505,MOOCs,Entendendo o Cenário Econômico,Gestão e Negócios,Não especificada,16 horas,01/01/2024 - 30/06/2024,,31/12/2023 - 30/06/2024,Gratuito.,,,,"Para a realização deste curso o aluno precisará ter e-mail próprio e conhecimentos básicos em informática (download e upload de arquivos). É necessário, também, que ele tenha à disposição um computador com acesso à Internet, com leitor e visualizador de arquivos em PDF instalado.",,,,"Curso assíncrono e autoinstrucional.
Acessar a Plataforma Moodle (www.moodle.unisinos.br).  
Informar seu usuário seguido de @edu.unisinos.br e a sua senha (mesma do Portal Minha Unisinos). 
Caso não possua um usuário, você pode cadastrar através do link: http://autocadastro.asav.org.br/br/. 
Para alterar ou recuperar a senha, acessar o portal Minha Unisinos (www.minha.unisinos.br), ""Esqueceu a senha?"". 

Importante: O curso ficará acessível no moodle, 24h após a matrícula.

Contato para",Não encontrado,Não encontrado
https://unisinos.br/lab/cursos/fotografia-institucional-ex920083-00013-1505,MOOCs,Fotografia Institucional,Indústria Criativa,Não especificada,16 horas,01/01/2024 - 30/06/2024,,31/12/2023 - 30/06/2024,Gratuito.,,Conceituar o que é imagem organizacional; compreender o olhar necessário à fotografia institucional; conhecer técnicas que interferem na fotografia; conhecer e compreender a Lei do Direito Autoral.,,,,,,"Curso assíncrono e autoinstrucional.
Acessar a Plataforma Moodle (www.moodle.unisinos.br).  
Informar seu usuário seguido de @edu.unisinos.br e a sua senha (mesma do Portal Minha Unisinos). 
Caso não possua um usuário, você pode cadastrar através do link: http://autocadastro.asav.org.br/br/. 
Para alterar ou recuperar a senha, acessar o portal Minha Unisinos (www.minha.unisinos.br), ""Esqueceu a senha?"". 

Importante: O curso ficará acessível no moodle, 24h após a matrícula.

Contato para",Não encontrado,Não encontrado
https://unisinos.br/lab/cursos/inovacao-e-empreendedorismo-ex920085-00013-1505,MOOCs,Inovação e Empreendedorismo,Gestão e Negócios,Não especificada,16 horas,01/01/2024 - 30/06/2024,,31/12/2023 - 30/06/2024,,,"Conhecer os principais conceitos relacionados ao Empreendedorismo e à Inovação. Compreender os tipos, a classificação e a intensidade da Inovação. Conhecer as atitudes e as características do comportamento empreendedor. Aprender a identificar e analisar oportunidades.",,"Para a realização deste curso o aluno precisará ter e-mail próprio e conhecimentos básicos em informática (download e upload de arquivos). É necessário, também, que ele tenha à disposição um computador com acesso à Internet, com leitor e visualizador de arquivos em PDF instalado.",,,,"Curso assíncrono e autoinstrucional.
Acessar a Plataforma Moodle (www.moodle.unisinos.br).  
Informar seu usuário seguido de @edu.unisinos.br e a sua senha (mesma do Portal Minha Unisinos). 
Caso não possua um usuário, você pode cadastrar através do link: http://autocadastro.asav.org.br/br/. 
Para alterar ou recuperar a senha, acessar o portal Minha Unisinos (www.minha.unisinos.br), ""Esqueceu a senha?"". 

Importante: O curso ficará acessível no moodle, 24h após a matrícula.

Contato para",Não encontrado,Não encontrado
https://unisinos.br/lab/cursos/midias-e-educacao-as-linguagens-da-tv-do-cinema-e-das-tecnologias-digitais-ex920086-00013-1505,MOOCs,"Mídias e Educação: As Linguagens da Tv, do Cinema e das Tecnologias Digitais",Escola,Indústria Criativa,16 horas,01/01/2024 - 30/06/2024,,31/12/2023 - 30/06/2024,Gratuito.,,,,"Para a realização deste curso o aluno precisará ter e-mail próprio e conhecimentos básicos em informática (download e upload de arquivos). É necessário, também, que ele tenha à disposição um computador com acesso à Internet, com leitor e visualizador de arquivos em PDF instalado.",,,,"Curso assíncrono e autoinstrucional.
Acessar a Plataforma Moodle (www.moodle.unisinos.br).  
Informar seu usuário seguido de @edu.unisinos.br e a sua senha (mesma do Portal Minha Unisinos). 
Caso não possua um usuário, você pode cadastrar através do link: http://autocadastro.asav.org.br/br/. 
Para alterar ou recuperar a senha, acessar o portal Minha Unisinos (www.minha.unisinos.br), ""Esqueceu a senha?"". 

Importante: O curso ficará acessível no moodle, 24h após a matrícula.

Contato para",Não encontrado,Não encontrado
https://unisinos.br/lab/cursos/responsabilidade-social-empresarial-ex920087-00014-1505,MOOCs,Responsabilidade Social Empresarial,Escola,Gestão e Negócios,16 horas,01/01/2024 - 30/06/2024,,31/12/2023 - 30/06/2024,,,,,"Para a realização deste curso o aluno precisará ter e-mail próprio e conhecimentos básicos em informática (download e upload de arquivos). É necessário, também, que ele tenha à disposição um computador com acesso à Internet, com leitor e visualizador de arquivos em PDF instalado.",,,,"Curso assíncrono e autoinstrucional.
Acessar a Plataforma Moodle (www.moodle.unisinos.br).  
Informar seu usuário seguido de @edu.unisinos.br e a sua senha (mesma do Portal Minha Unisinos). 
Caso não possua um usuário, você pode cadastrar através do link: http://autocadastro.asav.org.br/br/. 
Para alterar ou recuperar a senha, acessar o portal Minha Unisinos (www.minha.unisinos.br), ""Esqueceu a senha?"". 

Importante: O curso ficará acessível no moodle, 24h após a matrícula.

Contato para",Não encontrado,Não encontrado
https://unisinos.br/lab/cursos/empreendedorismo-e-plano-de-negocio-ex920089-00013-1505,MOOCs,Empreendedorismo e Plano de Negócio,Gestão e Negócios,Não especificada,20 horas,01/01/2024 - 30/06/2024,,31/12/2023 - 30/06/2024,Gratuito.,,,,,,,,"Curso assíncrono e autoinstrucional.
Acessar a Plataforma Moodle (www.moodle.unisinos.br).  
Informar seu usuário seguido de @edu.unisinos.br e a sua senha (mesma do Portal Minha Unisinos). 
Caso não possua um usuário, você pode cadastrar através do link: http://autocadastro.asav.org.br/br/. 
Para alterar ou recuperar a senha, acessar o portal Minha Unisinos (www.minha.unisinos.br), ""Esqueceu a senha?"". 

Importante: O curso ficará acessível no moodle, 24h após a matrícula.

Contato para",Não encontrado,Não encontrado
https://unisinos.br/lab/cursos/inovacao-orientada-pelo-design-ex920090-00013-1505,MOOCs,Inovação Orientada pelo Design,Indústria Criativa,Não especificada,40 horas,01/01/2024 - 30/06/2024,,31/12/2023 - 30/06/2024,Gratuito.,,,,"Para a realização deste curso o aluno precisará ter e-mail próprio e conhecimentos básicos em informática (download e upload de arquivos). É necessário, também, que ele tenha à disposição um computador com acesso à Internet, com leitor e visualizador de arquivos em PDF instalado.",,,,"Curso assíncrono e autoinstrucional.
Acessar a Plataforma Moodle (www.moodle.unisinos.br).  
Informar seu usuário seguido de @edu.unisinos.br e a sua senha (mesma do Portal Minha Unisinos). 
Caso não possua um usuário, você pode cadastrar através do link: http://autocadastro.asav.org.br/br/. 
Para alterar ou recuperar a senha, acessar o portal Minha Unisinos (www.minha.unisinos.br), ""Esqueceu a senha?"". 

Importante: O curso ficará acessível no moodle, 24h após a matrícula.

Contato para",Não encontrado,Não encontrado
https://unisinos.br/lab/cursos/lideranca-os-desafios-ex920091-00013-1505,MOOCs,Liderança: os Desafios,Gestão e Negócios,Não especificada,20 horas,01/01/2024 - 30/06/2024,,31/12/2023 - 30/06/2024,Gratuito.,,,,"Para a realização deste curso o aluno precisará ter e-mail próprio e conhecimentos básicos em informática (download e upload de arquivos). É necessário, também, que ele tenha à disposição um computador com acesso à Internet, com leitor e visualizador de arquivos em PDF instalado.",,,,"Curso assíncrono e autoinstrucional.
Acessar a Plataforma Moodle (www.moodle.unisinos.br).  
Informar seu usuário seguido de @edu.unisinos.br e a sua senha (mesma do Portal Minha Unisinos). 
Caso não possua um usuário, você pode cadastrar através do link: http://autocadastro.asav.org.br/br/. 
Para alterar ou recuperar a senha, acessar o portal Minha Unisinos (www.minha.unisinos.br), ""Esqueceu a senha?"". 

Importante: O curso ficará acessível no moodle, 24h após a matrícula.

Contato para",Não encontrado,Não encontrado
https://unisinos.br/lab/cursos/linguagens-artisticas-cultura-e-educacao-ex920092-00013-1505,MOOCs,"Linguagens Artísticas, Cultura e Educação",Humanidades,Não especificada,24 horas,01/01/2024 - 30/06/2024,,31/12/2023 - 30/06/2024,,,"Discutir os saberes docentes elencados por Tardif. Analisar as diferentes formas de expressão artística, relacionando-as ao que se considera patrimônio cultural.  ",,"Para a realização deste curso o aluno precisará ter e-mail próprio e conhecimentos básicos em informática (download e upload de arquivos). É necessário, também, que ele tenha à disposição um computador com acesso à Internet, com leitor e visualizador de arquivos em PDF instalado.",,,,"Curso assíncrono e autoinstrucional.
Acessar a Plataforma Moodle (www.moodle.unisinos.br).  
Informar seu usuário seguido de @edu.unisinos.br e a sua senha (mesma do Portal Minha Unisinos). 
Caso não possua um usuário, você pode cadastrar através do link: http://autocadastro.asav.org.br/br/. 
Para alterar ou recuperar a senha, acessar o portal Minha Unisinos (www.minha.unisinos.br), ""Esqueceu a senha?"". 

Importante: O curso ficará acessível no moodle, 24h após a matrícula.

Contato para",Não encontrado,Não encontrado
https://unisinos.br/lab/cursos/cultura-e-integracao-no-ambito-global-ex920094-00013-1505,MOOCs,Cultura e Integração no Âmbito Global,Humanidades,Não especificada,16 horas,01/01/2024 - 22/03/2024,,31/12/2023 - 30/06/2024,Gratuito.,,,,"Para a realização deste curso o aluno precisará ter e-mail próprio e conhecimentos básicos em informática (download e upload de arquivos). É necessário, também, que ele tenha à disposição um computador com acesso à Internet, com leitor e visualizador de arquivos em PDF instalado.",,,,"Curso assíncrono e autoinstrucional.
Acessar a Plataforma Moodle (www.moodle.unisinos.br).  
Informar seu usuário seguido de @edu.unisinos.br e a sua senha (mesma do Portal Minha Unisinos). 
Caso não possua um usuário, você pode cadastrar através do link: http://autocadastro.asav.org.br/br/. 
Para alterar ou recuperar a senha, acessar o portal Minha Unisinos (www.minha.unisinos.br), ""Esqueceu a senha?"". 

Importante: O curso ficará acessível no moodle, 24h após a matrícula.

Contato para",Não encontrado,Não encontrado
https://unisinos.br/lab/cursos/financas-pessoais-ex920170-00008-1505,MOOCs,Finanças Pessoais,Gestão e Negócios,Não especificada,8 horas,01/01/2024 - 30/06/2024,,31/12/2023 - 30/06/2024,Gratuito.,,,,"Para a realização deste curso o aluno precisará ter e-mail próprio e conhecimentos básicos em informática (download e upload de arquivos). É necessário, também, que ele tenha à disposição um computador com acesso à Internet, com leitor e visualizador de arquivos em PDF instalado.",,,,"Curso assíncrono e autoinstrucional.
Acessar a Plataforma Moodle (www.moodle.unisinos.br).  
Informar seu usuário seguido de @edu.unisinos.br e a sua senha (mesma do Portal Minha Unisinos). 
Caso não possua um usuário, você pode cadastrar através do link: http://autocadastro.asav.org.br/br/. 
Para alterar ou recuperar a senha, acessar o portal Minha Unisinos (www.minha.unisinos.br), ""Esqueceu a senha?"". 

Importante: O curso ficará acessível no moodle, 24h após a matrícula.

Contato para",Não encontrado,Não encontrado
https://unisinos.br/lab/cursos/caminhos-um-jeito-de-transformar-o-mundo-ex920377-00007-1505,MOOCs,Caminhos: um jeito de transformar o mundo,Gestão e Negócios,Não especificada,8 horas,01/01/2024 - 30/06/2024,,31/12/2023 - 30/06/2024,Gratuito.,,,,"Para a realização deste curso o aluno precisará ter e-mail próprio e conhecimentos básicos em informática (download e upload de arquivos). É necessário, também, que ele tenha à disposição um computador com acesso à Internet, com leitor e visualizador de arquivos em PDF instalado.",,,,"Curso assíncrono e autoinstrucional.
Acessar a Plataforma Moodle (www.moodle.unisinos.br).  
Informar seu usuário seguido de @edu.unisinos.br e a sua senha (mesma do Portal Minha Unisinos). 
Caso não possua um usuário, você pode cadastrar através do link: http://autocadastro.asav.org.br/br/. 
Para alterar ou recuperar a senha, acessar o portal Minha Unisinos (www.minha.unisinos.br), ""Esqueceu a senha?"". 

Importante: O curso ficará acessível no moodle, 24h após a matrícula.

Contato para",Não encontrado,Não encontrado
https://unisinos.br/lab/cursos/fake-news-historia-contexto-e-desafios-da-desinformacao-nas-midias-digitais-ex920961-00007-1505,MOOCs,"Fake News? História, Contexto e Desafios da Desinformação nas Mídias Digitais",Indústria Criativa,Não especificada,15 horas,01/01/2024 - 30/06/2024,,31/12/2023 - 30/06/2024,Gratuito.,,,,"Para a realização deste curso o aluno precisará ter e-mail próprio e conhecimentos básicos em informática (download e upload de arquivos). É necessário, também, que ele tenha à disposição um computador com acesso à Internet, com leitor e visualizador de arquivos em PDF instalado.",,,Afonte Jornalismo de Dados e Goethe-Institut Porto Alegre ,"Curso assíncrono e autoinstrucional.
Acessar a Plataforma Moodle (www.moodle.unisinos.br).  
Informar seu usuário seguido de @edu.unisinos.br e a sua senha (mesma do Portal Minha Unisinos). 
Caso não possua um usuário, você pode cadastrar através do link: http://autocadastro.asav.org.br/br/. 
Para alterar ou recuperar a senha, acessar o portal Minha Unisinos (www.minha.unisinos.br), ""Esqueceu a senha?"". 

Importante: O curso ficará acessível no moodle, 24h após a matrícula.

Contato para",Não encontrado,Não encontrado
https://unisinos.br/lab/cursos/estrategia-global-da-uniao-europeia-e-os-paises-de-lingua-portuguesa-ex921232-00001-1505,MOOCs,Estratégia Global da União Europeia e os Países de Língua Portuguesa,Humanidades,Não especificada,20 horas,01/01/2024 - 30/06/2024,,31/12/2023 - 30/06/2024,Gratuito,"O presente Curso de Extensão é uma iniciativa da Escola de Humanidades através do Curso de Relações Internacionais, vinculado a Cátedra Jean Monnet e pelo Programa Erasmus+, desenvolvidos aqui, na UNISINOS. Portanto, o estudante será desafiado a compreender essa relação entre a União Europeia, suas estratégias globais para os países de Língua Portuguesa e como acontece essa aproximação a partir da Cooperação Técnica Internacional, cujo escopo é contribuir com iniciativas que promovam o desenvolvimento do Brasil. Essa aproximação se dá através de projetos, suas ferramentas e mecanismos de controle ao alcance do estudante neste curso.",,,"Para a realização deste curso o aluno precisará ter e-mail próprio e conhecimentos básicos em informática (download e upload de arquivos). É necessário, também, que ele tenha à disposição um computador com acesso à Internet, com leitor e visualizador de arquivos em PDF instalado.",,,,Plataforma Moodle - www.moodle.unisinos.br,Não encontrado,Não encontrado
https://unisinos.br/lab/cursos/equipes-esportivas-futsal-masculino-ex124850-00002-1505,Prática de Extensão,Equipes Esportivas – Futsal Masculino,Escola,Saúde,20 horas,11/03/2024 - 06/07/2024,,04/03/2024 - 06/07/2024,Gratuito,,,,Não há;,,,Programa Esporte Integral – PEI/UNISINOS,Unisinos São Leopoldo,Não encontrado,Não encontrado
https://unisinos.br/lab/cursos/equipes-esportivas-futsal-feminino-ex124851-00002-1505,Prática de Extensão,Equipes Esportivas – Futsal Feminino,Escola,Saúde,20 horas,11/03/2024 - 06/07/2024,,04/03/2024 - 06/07/2024,Gratuito,,,,Não há;,,,Programa Esporte Integral – PEI/UNISINOS,Campus São Leopoldo,Não encontrado,Não encontrado
https://unisinos.br/lab/cursos/equipes-esportivas-basquete-misto-ex125072-00006-1505,Prática de Extensão,Equipes Esportivas – Basquete Misto,Escola,Saúde,20 horas,11/03/2024 - 06/07/2024,,11/03/2024 - 06/07/2024,Gratuito,,,,Não há,,,Programa Esporte Integral – PEI/UNSINOS1,A definir,Não encontrado,Não encontrado
https://unisinos.br/lab/cursos/equipes-esportivas-danca-misto-ex125312-00001-1505,Prática de Extensão,Equipes Esportivas – Dança Misto,Institucional,Não especificada,20 horas,11/03/2024 - 06/07/2024,,11/03/2024 - 06/07/2024,Gratuito,,,,Não há,,,Programa Esporte Integral – PEI/UNSINOS,A definir,Não encontrado,Não encontrado
https://unisinos.br/lab/cursos/equipes-esportivas-lutas-misto-ex125313-00001-1505,Prática de Extensão,Equipes Esportivas – Lutas Misto,Escola,Saúde,20 horas,11/03/2024 - 06/07/2024,,11/03/2024 - 06/07/2024,Gratuito,,,,Não há;,,,Programa Esporte Integral – PEI/UNSINOS,A definir,Não encontrado,Não encontrado
https://unisinos.br/lab/cursos/equipes-esportivas-volei-feminino-ex125315-00001-1505,Prática de Extensão,Equipes Esportivas – Vôlei Feminino,Institucional,Não especificada,20 horas,11/03/2024 - 06/07/2024,,11/03/2024 - 06/07/2024,Gratuito,,,,Não há,,,Programa Esporte Integral – PEI/UNSINOS,A definir,Não encontrado,Não encontrado
https://unisinos.br/lab/cursos/equipes-esportivas-volei-masculino-ex125318-00001-1505,Prática de Extensão,Equipes Esportivas – Vôlei Masculino,Escola,Saúde,20 horas,11/03/2024 - 06/07/2024,,11/03/2024 - 06/07/2024,Gratuito,,,,Não há,,,Programa Esporte Integral – PEI/UNSINOS,A definir,Não encontrado,Não encontrado
https://unisinos.br/lab/cursos/equipes-esportivas-esporte-da-diversidade-ex125324-00001-1505,Prática de Extensão,Equipes Esportivas - Esporte da Diversidade,Escola,Saúde,20 horas,11/03/2024 - 06/07/2024,,27/03/2024 - 06/07/2024,,,,,Não há;,,,Programa Esporte Integral – PEI/UNSINOS,Campus São Leopoldo,Não encontrado,Não encontrado
https://unisinos.br/lab/cursos/prova-de-proficiencia-em-lingua-espanhola-mobilidade-ex920759-00019-1505,Cursos de Idioma,Prova de Proficiência em Língua Espanhola - Mobilidade,Escola,Indústria Criativa,3h30 minutos,,,,,"A atividade visa oferecer aos alunos da Unisinos, candidatos a programas e bolsas de mobilidade acadêmica internacional, a possibilidade de realizarem prova de Prova de Proficiência em Língua Espanhola se solicitado pela IES em que realizará a mobilidade.","O objetivo é testar as competências e os conhecimentos linguísticos do candidato em língua espanhola e indicar, por meio do resultado, em que nível do Níveis do marco comum europeu de referência para as línguas estrangeiras o candidato se encontra (A1, A2, B1, B2, C1 ou C2).",,,,,,Plataforma Teams,Não encontrado,Não encontrado
https://unisinos.br/lab/cursos/prova-de-proficiencia-em-lingua-inglesa-mobilidade-ex920760-00027-1505,Cursos de Idioma,Prova de Proficiência em Língua Inglesa - Mobilidade,Escola,Indústria Criativa,3h30 minutos,,,,,,"O objetivo é testar as competências e os conhecimentos linguísticos do candidato em língua inglesa e indicar, por meio do resultado, em que nível do Níveis do marco comum europeu de referência para as línguas estrangeiras o candidato se encontra (A1, A2, B1, B2, C1 ou C2).",,,,,,Plataforma Teams,Não encontrado,Não encontrado
